150815,OOP Morkovice - Slížany,3,1000,contact form
010510,OOP Čáslav,3,1000,contact form
161017,OOP Třebíč,3,1000,contact form
030413,OOP Kašperské hory,3,1000,contact form
141211,OOP KONICE,3,1000,contact form
060210,OOP BRNO - STŘED,3,1000,contact form
0510,ÚO TRUTNOV,2,1000,contact form
180513,OOP CHRASTAVA,3,1000,contact form
041014,OOP STŘEKOV,3,1000,contact form
011213,OOP ROZTOKY,3,1000,contact form
010319,OOP STOCHOV,3,1000,contact form
140518,OOP ŠTERNBERK,3,1000,contact form
011215,OOP NOVÉ STRAŠECÍ,3,1000,contact form
1607,ÚO JIHLAVA,2,1000,contact form
001318,MOP KYJE PRAHA III.,3,1000,contact form
190316,OOP NEJDEK,3,1000,contact form
171114,OOP LANŠKROUN,3,1000,contact form
020816,OOP SEZIMOVO ÚSTÍ,3,1000,contact form
0104,ÚO KOLÍN,2,1000,contact form
0106,ÚO MĚLNÍK,2,1000,contact form
060614,OOP KYJOV,3,1000,contact form
0301,ÚO DOMAŽLICE,2,1000,contact form
180121,OOP JABLONNÉ V PODJEŠTĚDÍ,3,1000,contact form
141214,OOP PLUMLOV,3,1000,contact form
0305,ÚO MŘ PLZEŇ,2,1000,contact form
1800,KŘP LIBERECKÉHO KRAJE,1,1000,contact form
010418,OOP PEČKY,3,1000,contact form
180117,OOP STRÁŽ POD RALSKEM,3,1000,contact form
151111,OOP BOJKOVICE,3,1000,contact form
160711,OOP JIHLAVA,3,1000,contact form
001418,MOP HOSTIVAŘ PRAHA IV.,3,1000,contact form
050217,OOP TŘEBECHOVICE POD OREBEM,3,1000,contact form
040917,OOP PROSETICE,3,1000,contact form
010311,OOP KLADNO - KROČEHLAVY,3,1000,contact form
060313,OOP KUŘIM,3,1000,contact form
161712,OOP HUMPOLEC,3,1000,contact form
150511,OOP FRYŠTÁK,3,1000,contact form
070218,OOP PALKOVICE,3,1000,contact form
011614,OOP LIBČICE,3,1000,contact form
011511,OOP ČELÁKOVICE,3,1000,contact form
020112,OOP SUCHÉ VRBNÉ,3,1000,contact form
070613,OOP HRADEC NAD MORAVICÍ,3,1000,contact form
1703,ÚO CHRUDIM,2,1000,contact form
1801,ÚO ČESKÁ LÍPA,2,1000,contact form
190217,OOP PLESNÁ,3,1000,contact form
160716,OOP TŘEŠŤ,3,1000,contact form
180414,OOP TANVALD,3,1000,contact form
070215,OOP FRÝDLANT NAD OSTRAVICÍ,3,1000,contact form
061315,OOP MORAVSKÝ KRUMLOV,3,1000,contact form
031119,OOP TŘEMOŠNÁ,3,1000,contact form
0208,ÚO TÁBOR,2,1000,contact form
011517,OOP ÚVALY,3,1000,contact form
171113,OOP KRÁLÍKY,3,1000,contact form
001415,MOP JIŽNÍ MĚSTO 1 PRAHA IV.,3,1000,contact form
030513,OOP PLZEŇ 1,3,1000,contact form
020516,OOP PROTIVÍN,3,1000,contact form
070311,OOP ČESKÝ TĚŠÍN,3,1000,contact form
030511,OOP PLZEŇ 4,3,1000,contact form
070214,OOP FRÝDEK-MÍSTEK,3,1000,contact form
060322,OOP RAJHRAD,3,1000,contact form
161419,OOP VELKÉ MEZIŘÍČÍ,3,1000,contact form
0604,ÚO BŘECLAV,2,1000,contact form
0310,ÚO TACHOV,2,1000,contact form
050216,OOP HOLOHLAVY,3,1000,contact form
020617,OOP VOLARY,3,1000,contact form
001321,MOP HORNÍ POČERNICE PRAHA III.,3,1000,contact form
060320,OOP ŽIDLOCHOVICE,3,1000,contact form
001118,MOP ŘEPY PRAHA I.,3,1000,contact form
040217,OOP ŠLUKNOV,3,1000,contact form
011416,OOP ŘÍČANY,3,1000,contact form
001121,MOP LETNÁ PRAHA I.,3,1000,contact form
0013,OŘP PRAHA III.,2,1000,contact form
070310,OOP TĚRLICKO,3,1000,contact form
061310,OOP HRUŠOVANY NAD JEVIŠOVKOU,3,1000,contact form
040613,OOP LOVOSICE,3,1000,contact form
070216,OOP HNOJNÍK,3,1000,contact form
070717,OOP OSTRAVA - ZÁBŘEH,3,1000,contact form
030415,OOP KOLINEC,3,1000,contact form
151116,OOP UHERSKÉ HRADIŠTĚ,3,1000,contact form
010216,OOP ZDICE,3,1000,contact form
070415,OOP ODRY,3,1000,contact form
010321,OOP UNHOŠŤ,3,1000,contact form
041020,OOP KRÁSNÉ BŘEZNO,3,1000,contact form
010714,OOP DOBROVICE,3,1000,contact form
040719,OOP ŽATEC,3,1000,contact form
020714,OOP STRAKONICE,3,1000,contact form
070721,OOP OSTRAVA - PORUBA 2,3,1000,contact form
070712,OOP OSTRAVA - PORUBA 1,3,1000,contact form
011419,OOP KAMENICE,3,1000,contact form
0618,ÚO BLANSKO - VYŠKOV,2,1000,contact form
161415,OOP NOVÉ MĚSTO NA MORAVĚ,3,1000,contact form
151117,OOP UHERSKÝ BROD,3,1000,contact form
0107,ÚO MLADÁ BOLESLAV,2,1000,contact form
010110,OOP BENEŠOV,3,1000,contact form
181110,OOP JILEMNICE,3,1000,contact form
040920,OOP TRNOVANY,3,1000,contact form
010314,OOP KLADNO,3,1000,contact form
060219,OOP BRNO - BYSTRC,3,1000,contact form
010512,OOP KUTNÁ HORA,3,1000,contact form
001317,MOP ČAKOVICE PRAHA III.,3,1000,contact form
011120,OOP ROŽMITÁL POD TŘEMŠÍNEM,3,1000,contact form
040210,OOP BENEŠOV NAD PLOUČNICÍ,3,1000,contact form
190320,OOP TEPLÁ,3,1000,contact form
181112,OOP ROKYTNICE NAD JIZEROU,3,1000,contact form
001210,MOP NOVÉ MĚSTO OŘP PRAHA II.,3,1000,contact form
1805,ÚO LIBEREC,2,1000,contact form
031111,OOP DOBŘANY,3,1000,contact form
060317,OOP TIŠNOV,3,1000,contact form
070317,OOP BOHUMÍN,3,1000,contact form
001215,MOP RADOTÍN OŘP PRAHA II.,3,1000,contact form
140819,OOP PŘEROV 2,3,1000,contact form
140820,OOP PŘEROV 3,3,1000,contact form
0114,ÚO PRAHA VENKOV-JIH,2,1000,contact form
010119,OOP VOTICE,3,1000,contact form
140910,OOP HANUŠOVICE,3,1000,contact form
0700,KŘP MORAVSKOSLEZSKÉHO KRAJE,1,1000,contact form
020718,OOP RADOMYŠL,3,1000,contact form
0308,ÚO ROKYCANY,2,1000,contact form
180410,OOP JABLONEC N/NISOU,3,1000,contact form
020119,OOP TRHOVÉ SVINY,3,1000,contact form
170311,OOP HLINSKO,3,1000,contact form
001316,MOP ĎÁBLICE PRAHA III.,3,1000,contact form
040314,OOP KLÁŠTEREC NAD OHŘÍ,3,1000,contact form
070315,OOP KARVINÁ 1,3,1000,contact form
070316,OOP KARVINÁ 7,3,1000,contact form
140519,OOP UNIČOV,3,1000,contact form
001320,MOP VYSOČANY PRAHA III.,3,1000,contact form
010320,OOP KLADNO - VENKOV,3,1000,contact form
011515,OOP ODOLENÁ VODA,3,1000,contact form
181111,OOP LOMNICE NAD POPELKOU,3,1000,contact form
020612,OOP NETOLICE,3,1000,contact form
0403,ÚO CHOMUTOV,2,1000,contact form
020218,OOP VĚTŘNÍ,3,1000,contact form
170310,OOP HEŘMANŮV MĚSTEC,3,1000,contact form
160715,OOP TELČ,3,1000,contact form
011121,OOP SEDLČANY,3,1000,contact form
010117,OOP TÝNEC NAD SÁZAVOU,3,1000,contact form
070412,OOP FULNEK,3,1000,contact form
150518,OOP VIZOVICE,3,1000,contact form
040717,OOP PODBOŘANY,3,1000,contact form
030114,OOP KDYNĚ,3,1000,contact form
161613,OOP CHOTĚBOŘ,3,1000,contact form
010712,OOP BENÁTKY NAD JIZEROU,3,1000,contact form
001323,MOP ÚJEZD NAD LESY PRAHA III.,3,1000,contact form
190213,OOP CHEB - MĚSTO,3,1000,contact form
180511,OOP FRÝDLANT,3,1000,contact form
050510,OOP BROUMOV,3,1000,contact form
031114,OOP MĚSTO TOUŠKOV,3,1000,contact form
170914,OOP LITOMYŠL,3,1000,contact form
031118,OOP STOD,3,1000,contact form
001120,MOP HOLEŠOVICE PRAHA I.,3,1000,contact form
001111,MOP BENEDIKTSKÁ PRAHA I.,3,1000,contact form
0406,ÚO LITOMĚŘICE,2,1000,contact form
0400,KŘP ÚSTECKÉHO KRAJE,1,1000,contact form
001421,MOP ZAHRADNÍ MĚSTO PRAHA IV.,3,1000,contact form
040911,OOP DUBÍ,3,1000,contact form
020818,OOP TÁBOR,3,1000,contact form
020150,OŽP ČESKÉ BUDĚJOVICE,3,1000,contact form
060310,OOP ŠLAPANICE,3,1000,contact form
190914,OOP KRASLICE,3,1000,contact form
0408,ÚO MOST,2,1000,contact form
061319,OOP VRANOV NAD DYJÍ,3,1000,contact form
180522,OOP LIBEREC VRATISLAVICE,3,1000,contact form
010617,OOP VOJKOVICE,3,1000,contact form
030113,OOP HORŠOVSKÝ TÝN,3,1000,contact form
060315,OOP ROSICE,3,1000,contact form
040713,OOP LOUNY,3,1000,contact form
190911,OOP HABARTOV,3,1000,contact form
020615,OOP VIMPERK,3,1000,contact form
011621,OOP HOSTIVICE,3,1000,contact form
020215,OOP KAPLICE,3,1000,contact form
001413,MOP SPOŘILOV PRAHA IV.,3,1000,contact form
170317,OOP SKUTEČ,3,1000,contact form
050218,OOP HRADEC KRÁLOVÉ 3,3,1000,contact form
040311,OOP CHOMUTOV-MĚSTO,3,1000,contact form
050210,OOP HRADEC KRÁLOVÉ 1,3,1000,contact form
030417,OOP PLÁNICE,3,1000,contact form
170612,OOP HOLICE V ČECHÁCH,3,1000,contact form
001310,MOP JAROV PRAHA III.,3,1000,contact form
170318,OOP TŘEMOŠNICE,3,1000,contact form
141110,OOP JESENÍK,3,1000,contact form
070718,OOP SLEZSKÁ OSTRAVA,3,1000,contact form
010517,OOP ZBRASLAVICE,3,1000,contact form
1902,ÚO CHEB,2,1000,contact form
0111,ÚO PŘÍBRAM,2,1000,contact form
041012,OOP NEŠTĚMICE,3,1000,contact form
030111,OOP DOMAŽLICE,3,1000,contact form
161011,OOP HROTOVICE,3,1000,contact form
001313,MOP KOBYLISY PRAHA III.,3,1000,contact form
050212,OOP CHLUMEC NAD CIDLINOU,3,1000,contact form
031117,OOP PŘEŠTICE,3,1000,contact form
040815,OOP OBRNICE,3,1000,contact form
010210,OOP BEROUN,3,1000,contact form
1909,ÚO SOKOLOV,2,1000,contact form
190916,OOP LOKET NAD OHŘÍ,3,1000,contact form
140914,OOP ŠUMPERK,3,1000,contact form
050711,OOP KOSTELEC NAD ORLICÍ,3,1000,contact form
051011,OOP DVŮR KRÁLOVÉ NAD LABEM,3,1000,contact form
0407,ÚO LOUNY,2,1000,contact form
050713,OOP ROKYTNICE V ORLICKÝCH HORÁCH,3,1000,contact form
171117,OOP ŽAMBERK,3,1000,contact form
070410,OOP BÍLOVEC,3,1000,contact form
1600,KŘP KRAJE VYSOČINA,1,1000,contact form
010814,OOP NYMBURK,3,1000,contact form
011123,OOP PŘÍBRAM - VENKOV,3,1000,contact form
030515,OOP PLZEŇ - BORY,3,1000,contact form
051021,OOP ŽACLÉŘ,3,1000,contact form
1511,ÚO UHERSKÉ HRADIŠTĚ,2,1000,contact form
001122,MOP VÝSTAVIŠTĚ PRAHA I.,3,1000,contact form
070221,OOP TŘINEC,3,1000,contact form
070722,OOP VRATIMOV,3,1000,contact form
020114,OOP BORŠOV NAD VLTAVOU,3,1000,contact form
001217,MOP ZLIČÍN OŘP PRAHA II.,3,1000,contact form
001117,MOP VOKOVICE PRAHA I.,3,1000,contact form
061819,OOP VYŠKOV,3,1000,contact form
001319,MOP PROSEK PRAHA III.,3,1000,contact form
020618,OOP HORNÍ VLTAVICE,3,1000,contact form
050513,OOP HRONOV,3,1000,contact form
040216,OOP RUMBURK,3,1000,contact form
070616,OOP OPAVA,3,1000,contact form
010322,OOP VELVARY,3,1000,contact form
040236,OOP DĚČÍN - MĚSTO,3,1000,contact form
180116,OOP NOVÝ BOR,3,1000,contact form
161713,OOP KAMENICE NAD LIPOU,3,1000,contact form
1500,KŘP ZLÍNSKÉHO KRAJE,1,1000,contact form
190220,OOP CHEB - VENKOV,3,1000,contact form
161616,OOP SVĚTLÁ NAD SÁZAVOU,3,1000,contact form
050516,OOP NOVÉ MĚSTO NAD METUJÍ,3,1000,contact form
190322,OOP ŽLUTICE,3,1000,contact form
170313,OOP CHRUDIM,3,1000,contact form
180512,OOP HEJNICE,3,1000,contact form
140817,OOP PŘEROV,3,1000,contact form
001250,MOP WILSONOVO NÁDRAŽÍ,3,1000,contact form
020819,OOP VESELÍ NAD LUŽNICÍ,3,1000,contact form
011620,OOP ŘEVNICE,3,1000,contact form
050517,OOP POLICE NAD METUJÍ,3,1000,contact form
040323,OOP CHOMUTOV ČERNOVICKÁ,3,1000,contact form
070614,OOP KRAVAŘE,3,1000,contact form
060312,OOP IVANČICE,3,1000,contact form
050515,OOP NÁCHOD,3,1000,contact form
150516,OOP SLAVIČÍN,3,1000,contact form
190317,OOP NOVÁ ROLE,3,1000,contact form
051012,OOP HOSTINNÉ,3,1000,contact form
070217,OOP JABLUNKOV,3,1000,contact form
140512,OOP MORAVSKÝ BEROUN,3,1000,contact form
180516,OOP LIBEREC VÁPENKA,3,1000,contact form
040611,OOP LITOMĚŘICE,3,1000,contact form
051016,OOP TRUTNOV,3,1000,contact form
030411,OOP HORAŽĎOVICE,3,1000,contact form
040614,OOP ROUDNICE NAD LABEM,3,1000,contact form
1616,ÚO HAVLÍČKŮV BROD,2,1000,contact form
181116,OOP TURNOV,3,1000,contact form
161012,OOP JAROMĚŘICE NAD ROKYTNOU,3,1000,contact form
010614,OOP MŠENO,3,1000,contact form
070117,OOP VRBNO POD PRADĚDEM,3,1000,contact form
140520,OOP VELKÁ BYSTŘICE,3,1000,contact form
140917,OOP ZÁBŘEH,3,1000,contact form
030517,OOP PLZEŇ - STŘED,3,1000,contact form
060214,OOP BRNO - KRÁLOVO POLE,3,1000,contact form
060211,OOP BRNO - ŽABOVŘESKY,3,1000,contact form
030512,OOP PLZEŇ 2,3,1000,contact form
020517,OOP ZVÍKOVSKÉ PODHRADÍ,3,1000,contact form
0410,ÚO ÚSTÍ NAD LABEM,2,1000,contact form
001110,MOP BARTOLOMĚJSKÁ PRAHA I.,3,1000,contact form
020312,OOP JINDŘICHŮV HRADEC,3,1000,contact form
180112,OOP DOKSY,3,1000,contact form
180115,OOP MIMOŇ,3,1000,contact form
020310,OOP DAČICE,3,1000,contact form
061811,OOP BLANSKO,3,1000,contact form
190313,OOP KARLOVY VARY,3,1000,contact form
010610,OOP KOSTELEC NAD LABEM,3,1000,contact form
040912,OOP DUCHCOV,3,1000,contact form
0304,ÚO KLATOVY,2,1000,contact form
070713,OOP OSTRAVA - PŘÍVOZ,3,1000,contact form
070211,OOP BRUŠPERK,3,1000,contact form
031115,OOP NEPOMUK,3,1000,contact form
020217,OOP LIPNO,3,1000,contact form
151516,OOP VALAŠSKÉ MEZIŘÍČÍ,3,1000,contact form
140913,OOP MOHELNICE,3,1000,contact form
040615,OOP ŠTĚTÍ,3,1000,contact form
070720,OOP OSTRAVA - HRABŮVKA,3,1000,contact form
060613,OOP HODONÍN,3,1000,contact form
030810,OOP HRÁDEK,3,1000,contact form
151517,OOP VSETÍN,3,1000,contact form
161410,OOP BYSTŘICE NAD PERNŠTEJNEM,3,1000,contact form
180412,OOP RYCHNOV U JABLONCE N/NISOU,3,1000,contact form
0102,ÚO BEROUN,2,1000,contact form
190211,OOP FRANTIŠKOVY LÁZNĚ,3,1000,contact form
0704,ÚO NOVÝ JIČÍN,2,1000,contact form
050716,OOP TÝNIŠTĚ NAD ORLICÍ,3,1000,contact form
030420,OOP ŽELEZNÁ RUDA,3,1000,contact form
051015,OOP SVOBODA NAD ÚPOU,3,1000,contact form
020322,OOP SUCHDOL NAD LUŽNICÍ,3,1000,contact form
031112,OOP KAZNĚJOV,3,1000,contact form
031120,OOP ÚNĚŠOV,3,1000,contact form
001315,MOP BOHNICE PRAHA III.,3,1000,contact form
170610,OOP LÁZNĚ BOHDANEČ,3,1000,contact form
0402,ÚO DĚČÍN,2,1000,contact form
070318,OOP ORLOVÁ,3,1000,contact form
040718,OOP POSTOLOPRTY,3,1000,contact form
0108,ÚO NYMBURK,2,1000,contact form
170918,OOP SVITAVY,3,1000,contact form
001211,MOP VINOHRADY OŘP PRAHA II.,3,1000,contact form
0116,ÚO PRAHA VENKOV-ZÁPAD,2,1000,contact form
150515,OOP OTROKOVICE,3,1000,contact form
020613,OOP PRACHATICE,3,1000,contact form
170917,OOP POLIČKA,3,1000,contact form
001422,MOP UHŘINĚVES PRAHA IV.,3,1000,contact form
010613,OOP MĚLNÍK,3,1000,contact form
060412,OOP HUSTOPEČE,3,1000,contact form
061818,OOP SLAVKOV U BRNA,3,1000,contact form
020515,OOP PÍSEK,3,1000,contact form
010511,OOP ZRUČ NAD SÁZAVOU,3,1000,contact form
161014,OOP MORAVSKÉ BUDĚJOVICE,3,1000,contact form
0012,OŘP PRAHA II.,2,1000,contact form
031116,OOP NÝŘANY,3,1000,contact form
161015,OOP NÁMĚŠŤ NAD OSLAVOU,3,1000,contact form
001116,MOP DEJVICE PRAHA I.,3,1000,contact form
0504,ÚO JIČÍN,2,1000,contact form
070314,OOP HORNÍ SUCHÁ,3,1000,contact form
060612,OOP DUBŇANY,3,1000,contact form
061320,OOP ZNOJMO,3,1000,contact form
011216,OOP RAKOVNÍK,3,1000,contact form
051018,OOP VRCHLABÍ,3,1000,contact form
190311,OOP BOCHOV,3,1000,contact form
0207,ÚO STRAKONICE,2,1000,contact form
030414,OOP KLATOVY,3,1000,contact form
0101,ÚO BENEŠOV,2,1000,contact form
041010,OOP CHLUMEC,3,1000,contact form
020113,OOP HLUBOKÁ NAD VLTAVOU,3,1000,contact form
030416,OOP NÝRSKO,3,1000,contact form
151511,OOP HORNÍ LIDEČ,3,1000,contact form
031012,OOP PLANÁ,3,1000,contact form
1700,KŘP PARDUBICKÉHO KRAJE,1,1000,contact form
010611,OOP KRALUPY NAD VLTAVOU,3,1000,contact form
161717,OOP PELHŘIMOV,3,1000,contact form
070113,OOP KRNOV,3,1000,contact form
061312,OOP JEVIŠOVICE,3,1000,contact form
020211,OOP ČESKÝ KRUMLOV,3,1000,contact form
1411,ÚO JESENÍK,2,1000,contact form
1400,KŘP OLOMOUCKÉHO KRAJE,1,1000,contact form
030812,OOP ROKYCANY,3,1000,contact form
011618,OOP MNÍŠEK POD BRDY,3,1000,contact form
010112,OOP ČERČANY,3,1000,contact form
031011,OOP BOR U TACHOVA,3,1000,contact form
150813,OOP KROMĚŘÍŽ,3,1000,contact form
011110,OOP BŘEZNICE,3,1000,contact form
050414,OOP NOVÁ PAKA,3,1000,contact form
020512,OOP MILEVSKO,3,1000,contact form
140813,OOP LIPNÍK,3,1000,contact form
190919,OOP SOKOLOV - VENKOV,3,1000,contact form
040218,OOP VARNSDORF,3,1000,contact form
020717,OOP VOLYNĚ,3,1000,contact form
010713,OOP MLADÁ BOLESLAV II,3,1000,contact form
031113,OOP KRALOVICE,3,1000,contact form
040212,OOP ČESKÁ KAMENICE,3,1000,contact form
001311,MOP ŽIŽKOV PRAHA III.,3,1000,contact form
070612,OOP HLUČÍN,3,1000,contact form
1610,ÚO TŘEBÍČ,2,1000,contact form
060316,OOP POHOŘELICE,3,1000,contact form
070411,OOP FRENŠTÁT POD RADHOŠTĚM,3,1000,contact form
171110,OOP ČESKÁ TŘEBOVÁ,3,1000,contact form
020110,OOP ČESKÉ BUDĚJOVICE,3,1000,contact form
0602,MŘ BRNO,2,1000,contact form
010111,OOP ČECHTICE,3,1000,contact form
011413,OOP JÍLOVÉ U PRAHY,3,1000,contact form
150810,OOP BYSTŘICE POD HOSTÝNEM,3,1000,contact form
141213,OOP NĚMČICE NAD HANOU,3,1000,contact form
040214,OOP KRÁSNÁ LÍPA,3,1000,contact form
010816,OOP PODĚBRADY,3,1000,contact form
190917,OOP ROTAVA,3,1000,contact form
040915,OOP KRUPKA,3,1000,contact form
180413,OOP SMRŽOVKA,3,1000,contact form
040910,OOP BÍLINA,3,1000,contact form
011414,OOP JESENICE,3,1000,contact form
1811,ÚO SEMILY,2,1000,contact form
150811,OOP HOLEŠOV,3,1000,contact form
030550,OŽP PLZEŇ MĚSTO,3,1000,contact form
060213,OOP BRNO - ŽIDENICE,3,1000,contact form
190915,OOP KYNŠPERK NAD OHŘÍ,3,1000,contact form
020116,OOP LIŠOV,3,1000,contact form
180521,OOP NOVÉ MĚSTO POD SMRKEM,3,1000,contact form
0202,ÚO ČESKÝ KRUMLOV,2,1000,contact form
010114,OOP SÁZAVA,3,1000,contact form
0613,ÚO ZNOJMO,2,1000,contact form
1614,ÚO ŽĎÁR NAD SÁZAVOU,2,1000,contact form
1505,ÚO ZLÍN,2,1000,contact form
190310,OOP BEČOV NAD TEPLOU,3,1000,contact form
190912,OOP HORNÍ SLAVKOV,3,1000,contact form
140514,OOP LUTÍN,3,1000,contact form
020513,OOP ČIMELICE,3,1000,contact form
001212,MOP KOŠÍŘE OŘP PRAHA II.,3,1000,contact form
001214,MOP BARRANDOV OŘP PRAHA II.,3,1000,contact form
190321,OOP TOUŽIM,3,1000,contact form
060218,OOP BRNO - VÝSTAVIŠTĚ,3,1000,contact form
1405,ÚO OLOMOUC,2,1000,contact form
141111,OOP JAVORNÍK,3,1000,contact form
001411,MOP LHOTKA PRAHA IV.,3,1000,contact form
010413,OOP KOUŘIM,3,1000,contact form
190215,OOP MARIÁNSKÉ LÁZNĚ,3,1000,contact form
010812,OOP MĚSTEC KRÁLOVÉ,3,1000,contact form
1409,ÚO ŠUMPERK,2,1000,contact form
070711,OOP OSTRAVA - MARIÁNSKÉ HORY,3,1000,contact form
0502,ÚO HRADEC KRÁLOVÉ,2,1000,contact form
180515,OOP LIBEREC - CENTRUM,3,1000,contact form
010410,OOP ČESKÝ BROD,3,1000,contact form
040819,OOP MOST ZAHRADNÍ,3,1000,contact form
070618,OOP VELKÉ HERALTICE,3,1000,contact form
050415,OOP SOBOTKA,3,1000,contact form
151512,OOP JABLŮNKA,3,1000,contact form
151112,OOP BUCHLOVICE,3,1000,contact form
011112,OOP DOBŘÍŠ,3,1000,contact form
001113,MOP MŮSTEK PRAHA I.,3,1000,contact form
1412,ÚO PROSTĚJOV,2,1000,contact form
050211,OOP HRADEC KRÁLOVÉ 2,3,1000,contact form
150512,OOP ZLÍN,3,1000,contact form
0702,ÚO FRÝDEK-MÍSTEK,2,1000,contact form
070313,OOP HAVÍŘOV 2,3,1000,contact form
070321,OOP HAVÍŘOV 3,3,1000,contact form
070312,OOP HAVÍŘOV 1,3,1000,contact form
010810,OOP KŘINEC,3,1000,contact form
020716,OOP VODŇANY,3,1000,contact form
040814,OOP MOST,3,1000,contact form
001119,MOP RUZYNĚ PRAHA I.,3,1000,contact form
011510,OOP BRANDÝS/LABEM-STARÁ BOLESLAV,3,1000,contact form
180111,OOP ČESKÁ LÍPA,3,1000,contact form
040321,OOP CHOMUTOV KAMENNÁ,3,1000,contact form
0103,ÚO KLADNO,2,1000,contact form
011412,OOP ČESTLICE,3,1000,contact form
180518,OOP LIBEREC VESEC,3,1000,contact form
140513,OOP LITOVEL,3,1000,contact form
041016,OOP VŠEBOŘICE,3,1000,contact form
1515,ÚO VSETÍN,2,1000,contact form
010612,OOP LUŽEC NAD VLTAVOU,3,1000,contact form
011115,OOP MILÍN,3,1000,contact form
190314,OOP KARLOVY VARY - RYBÁŘE,3,1000,contact form
151513,OOP KAROLINKA,3,1000,contact form
051019,OOP PEC POD SNĚŽKOU,3,1000,contact form
150517,OOP VALAŠSKÉ KLOBOUKY,3,1000,contact form
070414,OOP NOVÝ JIČÍN,3,1000,contact form
0507,ÚO RYCHNOV NAD KNĚŽNOU,2,1000,contact form
041013,OOP ÚSTÍ N/LABEM - MĚSTO,3,1000,contact form
070416,OOP PŘÍBOR,3,1000,contact form
010813,OOP MILOVICE,3,1000,contact form
050410,OOP HOŘICE,3,1000,contact form
040817,OOP LITVÍNOV HAMR,3,1000,contact form
030418,OOP SUŠICE,3,1000,contact form
050710,OOP DOBRUŠKA,3,1000,contact form
0600,KŘP JIHOMORAVSKÉHO KRAJE,1,1000,contact form
050512,OOP ČESKÁ SKALICE,3,1000,contact form
070619,OOP VÍTKOV,3,1000,contact form
161013,OOP JEMNICE,3,1000,contact form
030112,OOP HOLÝŠOV,3,1000,contact form
010515,OOP UHLÍŘSKÉ JANOVICE,3,1000,contact form
0105,ÚO KUTNÁ HORA,2,1000,contact form
060415,OOP MIKULOV,3,1000,contact form
010214,OOP KRÁLŮV DVŮR,3,1000,contact form
0100,KŘP STŘEDOČESKÉHO KRAJE,1,1000,contact form
1508,ÚO KROMĚŘÍŽ,2,1000,contact form
031015,OOP KONSTANTINOVY LÁZNĚ,3,1000,contact form
170615,OOP CHVALETICE,3,1000,contact form
0112,ÚO RAKOVNÍK,2,1000,contact form
020810,OOP BECHYNĚ,3,1000,contact form
001112,MOP MALÁ STRANA PRAHA I.,3,1000,contact form
170616,OOP PŘELOUČ,3,1000,contact form
0409,ÚO TEPLICE,2,1000,contact form
190318,OOP OSTROV,3,1000,contact form
010416,OOP TÝNEC NAD LABEM,3,1000,contact form
051017,OOP ÚPICE,3,1000,contact form
010618,OOP HORNÍ POČAPLY,3,1000,contact form
061812,OOP BOSKOVICE,3,1000,contact form
0205,ÚO PÍSEK,2,1000,contact form
1903,ÚO KARLOVY VARY,2,1000,contact form
0703,ÚO KARVINÁ,2,1000,contact form
020815,OOP MLADÁ VOŽICE,3,1000,contact form
1408,ÚO PŘEROV,2,1000,contact form
020323,OOP TŘEBOŇ,3,1000,contact form
0707,MŘP OSTRAVA,2,1000,contact form
140811,OOP HRANICE,3,1000,contact form
040310,OOP BŘEZNO,3,1000,contact form
010118,OOP VLAŠIM,3,1000,contact form
150812,OOP HULÍN,3,1000,contact form
1617,ÚO PELHŘIMOV,2,1000,contact form
030514,OOP PLZEŇ - SKVRŇANY,3,1000,contact form
0200,KŘP JIHOČESKÉHO KRAJE,1,1000,contact form
180416,OOP ŽELEZNÝ BROD,3,1000,contact form
190913,OOP CHODOV,3,1000,contact form
1709,ÚO SVITAVY,2,1000,contact form
010717,OOP MLADÁ BOLESLAV,3,1000,contact form
001114,MOP KRAKOVSKÁ PRAHA I.,3,1000,contact form
180520,OOP HRÁDEK NAD NISOU,3,1000,contact form
001412,MOP PODOLÍ PRAHA IV.,3,1000,contact form
140523,OOP OLOMOUC 3,3,1000,contact form
061817,OOP BUČOVICE,3,1000,contact form
140516,OOP OLOMOUC 1,3,1000,contact form
151118,OOP UHERSKÝ OSTROH,3,1000,contact form
140524,OOP OLOMOUC 4,3,1000,contact form
1711,ÚO ÚSTÍ NAD ORLICÍ,2,1000,contact form
011422,OOP HRADIŠTKO,3,1000,contact form
171118,OOP LETOHRAD,3,1000,contact form
020315,OOP NOVÁ BYSTŘICE,3,1000,contact form
001213,MOP SMÍCHOV OŘP PRAHA II.,3,1000,contact form
060617,OOP VESELÍ NAD MORAVOU,3,1000,contact form
010412,OOP KOSTELEC NAD ČERNÝMI LESY,3,1000,contact form
170312,OOP CHRAST,3,1000,contact form
010817,OOP SADSKÁ,3,1000,contact form
171115,OOP ÚSTÍ NAD ORLICÍ,3,1000,contact form
161716,OOP PACOV,3,1000,contact form
001115,MOP BŘEVNOV PRAHA I.,3,1000,contact form
0206,ÚO PRACHATICE,2,1000,contact form
010718,OOP MNICHOVO HRADIŠTĚ,3,1000,contact form
180110,OOP CVIKOV,3,1000,contact form
001150,OŽP - MASARYKOVO NÁDRAŽÍ PRAHA I.,3,1000,contact form
040219,OOP VELKÝ ŠENOV,3,1000,contact form
171111,OOP CHOCEŇ,3,1000,contact form
190210,OOP AŠ,3,1000,contact form
1804,ÚO JABLONEC NAD NISOU,2,1000,contact form
041015,OOP TRMICE,3,1000,contact form
040918,OOP TEPLICE,3,1000,contact form
140916,OOP VELKÉ LOSINY,3,1000,contact form
020120,OOP TÝN NAD VLTAVOU,3,1000,contact form
050514,OOP JAROMĚŘ,3,1000,contact form
151515,OOP ROŽNOV POD RADHOŠTĚM,3,1000,contact form
031110,OOP BLOVICE,3,1000,contact form
0300,KŘP PLZEŇSKÉHO KRAJE,1,1000,contact form
050714,OOP RYCHNOV NAD KNĚŽNOU,3,1000,contact form
010615,OOP NERATOVICE,3,1000,contact form
001251,MOP SMÍCHOVSKÉ NÁDRAŽÍ,3,1000,contact form
001151,OŽP - HOLEŠOVICE PRAHA I.,3,1000,contact form
0701,ÚO BRUNTÁL,2,1000,contact form
0505,ÚO NÁCHOD,2,1000,contact form
031013,OOP STŘÍBRO,3,1000,contact form
020111,OOP ČTYŘI DVORY,3,1000,contact form
070110,OOP BRUNTÁL,3,1000,contact form
020711,OOP BLATNÁ,3,1000,contact form
170916,OOP MORAVSKÁ TŘEBOVÁ,3,1000,contact form
180510,OOP ČESKÝ DUB,3,1000,contact form
061816,OOP LETOVICE,3,1000,contact form
070116,OOP RÝMAŘOV,3,1000,contact form
020213,OOP HORNÍ PLANÁ,3,1000,contact form
0500,KŘP KRÁLOVÉHRADECKÉHO KRAJE,1,1000,contact form
001322,MOP LETŇANY PRAHA III.,3,1000,contact form
181118,OOP HARRACHOV,3,1000,contact form
001419,MOP VRŠOVICE PRAHA IV.,3,1000,contact form
040812,OOP LITVÍNOV,3,1000,contact form
0014,OŘP PRAHA IV.,2,1000,contact form
0203,ÚO JINDŘICHŮV HRADEC,2,1000,contact form
040319,OOP VEJPRTY,3,1000,contact form
141216,OOP PROSTĚJOV 2,3,1000,contact form
141215,OOP PROSTĚJOV 1,3,1000,contact form
060212,OOP BRNO - SEVER,3,1000,contact form
001216,MOP STODŮLKY OŘP PRAHA II.,3,1000,contact form
040312,OOP JIRKOV,3,1000,contact form
180411,OOP JABLONEC N/NISOU MŠENO,3,1000,contact form
040313,OOP KADAŇ,3,1000,contact form
070417,OOP STUDÉNKA,3,1000,contact form
070320,OOP DĚTMAROVICE,3,1000,contact form
0115,ÚO PRAHA VENKOV-VÝCHOD,2,1000,contact form
010811,OOP LYSÁ NAD LABEM,3,1000,contact form
030516,OOP PLZEŇ - VINICE,3,1000,contact form
180526,OOP HODKOVICE NAD MOHELKOU,3,1000,contact form
140522,OOP OLOMOUC 2,3,1000,contact form
190312,OOP JÁCHYMOV,3,1000,contact form
190918,OOP SOKOLOV,3,1000,contact form
001417,MOP PANKRÁC PRAHA IV.,3,1000,contact form
0706,ÚO OPAVA,2,1000,contact form
010317,OOP SLANÝ,3,1000,contact form
070213,OOP NOŠOVICE,3,1000,contact form
020817,OOP SOBĚSLAV,3,1000,contact form
181114,OOP SEMILY,3,1000,contact form
0606,ÚO HODONÍN,2,1000,contact form
190319,OOP PERNINK,3,1000,contact form
150513,OOP LUHAČOVICE,3,1000,contact form
060216,OOP BRNO - KOMÁROV,3,1000,contact form
010411,OOP KOLÍN,3,1000,contact form
0311,ÚO PLZEŇ - VENKOV,2,1000,contact form
161420,OOP ŽĎÁR NAD SÁZAVOU,3,1000,contact form
171116,OOP VYSOKÉ MÝTO,3,1000,contact form
031014,OOP TACHOV,3,1000,contact form
161612,OOP HAVLÍČKŮV BROD,3,1000,contact form
001314,MOP LIBEŇ PRAHA III.,3,1000,contact form
070114,OOP MĚSTO ALBRECHTICE,3,1000,contact form
060410,OOP BŘECLAV,3,1000,contact form
011119,OOP PŘÍBRAM,3,1000,contact form
050215,OOP NOVÝ BYDŽOV,3,1000,contact form
050411,OOP JIČÍN,3,1000,contact form
070413,OOP KOPŘIVNICE,3,1000,contact form
001420,MOP STRAŠNICE PRAHA IV.,3,1000,contact form
140812,OOP KOJETÍN,3,1000,contact form
150514,OOP NAPAJEDLA,3,1000,contact form
011211,OOP HOŘESEDLY,3,1000,contact form
001410,MOP MODŘANY PRAHA IV.,3,1000,contact form
070716,OOP OSTRAVA - VÍTKOVICE,3,1000,contact form
010213,OOP KARLŠTEJN,3,1000,contact form
0603,ÚO BRNO - VENKOV,2,1000,contact form
070715,OOP OSTRAVA - STŘED,3,1000,contact form
051020,OOP ŠPINDLERŮV MLÝN,3,1000,contact form
001312,MOP KARLÍN PRAHA III.,3,1000,contact form
170621,OOP PARDUBICE 4,3,1000,contact form
030811,OOP RADNICE,3,1000,contact form
170614,OOP PARDUBICE 2,3,1000,contact form
170619,OOP PARDUBICE 3,3,1000,contact form
170613,OOP PARDUBICE 1,3,1000,contact form
1706,ÚO PARDUBICE,2,1000,contact form
141112,OOP ZLATÉ HORY,3,1000,contact form
070319,OOP PETŘVALD,3,1000,contact form
160713,OOP POLNÁ,3,1000,contact form
180120,OOP ŽANDOV,3,1000,contact form
010711,OOP BĚLÁ POD BEZDĚZEM,3,1000,contact form
001414,MOP NUSLE PRAHA IV.,3,1000,contact form
060615,OOP STRÁŽNICE,3,1000,contact form
030115,OOP POBĚŽOVICE,3,1000,contact form
040213,OOP DĚČÍN - PODMOKLY,3,1000,contact form
030419,OOP ŠVIHOV,3,1000,contact form
010211,OOP HOŘOVICE,3,1000,contact form
050412,OOP KOPIDLNO,3,1000,contact form
1900,KŘP KARLOVARSKÉHO KRAJE,1,1000,contact form
0201,ÚO ČESKÉ BUDĚJOVICE,2,1000,contact form
