11,"OÿP PRAHA I.",2,1000,"contact form","#NAME?"
150815,"OOP MORKOVICE - SLÕéANY",3,1000,"contact form",
10510,"OOP »¡SLAV",3,1000,"contact form",
161017,"OOP TÿEBÕ»",3,1000,"contact form",
30413,"OOP KAäPERSK… HORY",3,1000,"contact form",
141211,"OOP KONICE",3,1000,"contact form",
60210,"OOP BRNO - STÿED",3,1000,"contact form",
510,"⁄O TRUTNOV",2,1000,"contact form",
180513,"OOP CHRASTAVA",3,1000,"contact form",
41014,"OOP STÿEKOV",3,1000,"contact form",
11213,"OOP ROZTOKY",3,1000,"contact form",
10319,"OOP STOCHOV",3,1000,"contact form",
140518,"OOP äTERNBERK",3,1000,"contact form",
11215,"OOP NOV… STRAäECÕ",3,1000,"contact form",
1607,"⁄O JIHLAVA",2,1000,"contact form",
1318,"MOP KYJE PRAHA III.",3,1000,"contact form",
190316,"OOP NEJDEK",3,1000,"contact form",
171114,"OOP LANäKROUN",3,1000,"contact form",
20816,"OOP SEZIMOVO ⁄STÕ",3,1000,"contact form",
104,"⁄O KOLÕN",2,1000,"contact form",
106,"⁄O MÃLNÕK",2,1000,"contact form",
60614,"OOP KYJOV",3,1000,"contact form",
301,"⁄O DOMAéLICE",2,1000,"contact form",
180121,"OOP JABLONN… V PODJEäTÃDÕ",3,1000,"contact form",
141214,"OOP PLUMLOV",3,1000,"contact form",
305,"⁄O Mÿ PLZE“",2,1000,"contact form",
1800,"KÿP LIBERECK…HO KRAJE",1,1000,"contact form",
10418,"OOP PE»KY",3,1000,"contact form",
180117,"OOP STR¡é POD RALSKEM",3,1000,"contact form",
151111,"OOP BOJKOVICE",3,1000,"contact form",
160711,"OOP JIHLAVA",3,1000,"contact form",
1418,"MOP HOSTIVAÿ PRAHA IV.",3,1000,"contact form",
50217,"OOP TÿEBECHOVICE POD OREBEM",3,1000,"contact form",
40917,"OOP PROSETICE",3,1000,"contact form",
10311,"OOP KLADNO - KRO»EHLAVY",3,1000,"contact form",
60313,"OOP KUÿIM",3,1000,"contact form",
161712,"OOP HUMPOLEC",3,1000,"contact form",
150511,"OOP FRYäT¡K",3,1000,"contact form",
70218,"OOP PALKOVICE",3,1000,"contact form",
11614,"OOP LIB»ICE",3,1000,"contact form",
11511,"OOP »EL¡KOVICE",3,1000,"contact form",
20112,"OOP SUCH… VRBN…",3,1000,"contact form",
70613,"OOP HRADEC NAD MORAVICÕ",3,1000,"contact form",
1703,"⁄O CHRUDIM",2,1000,"contact form",
1801,"⁄O »ESK¡ LÕPA",2,1000,"contact form",
190217,"OOP PLESN¡",3,1000,"contact form",
160716,"OOP TÿEäç",3,1000,"contact form",
180414,"OOP TANVALD",3,1000,"contact form",
70215,"OOP FR›DLANT NAD OSTRAVICÕ",3,1000,"contact form",
61315,"OOP MORAVSK› KRUMLOV",3,1000,"contact form",
31119,"OOP TÿEMOäN¡",3,1000,"contact form",
208,"⁄O T¡BOR",2,1000,"contact form",
11517,"OOP ⁄VALY",3,1000,"contact form",
171113,"OOP KR¡LÕKY",3,1000,"contact form",
1415,"MOP JIéNÕ MÃSTO PRAHA IV.",3,1000,"contact form",
30513,"OOP PLZE“ 1",3,1000,"contact form",
20516,"OOP PROTIVÕN",3,1000,"contact form",
70311,"OOP »ESK› TÃäÕN",3,1000,"contact form",
30511,"OOP PLZE“ 4",3,1000,"contact form",
70214,"OOP FR›DEK-MÕSTEK",3,1000,"contact form",
60322,"OOP RAJHRAD",3,1000,"contact form",
161419,"OOP VELK… MEZIÿÕ»Õ",3,1000,"contact form",
604,"⁄O BÿECLAV",2,1000,"contact form",
310,"⁄O TACHOV",2,1000,"contact form",
50216,"OOP HOLOHLAVY",3,1000,"contact form",
20617,"OOP VOLARY",3,1000,"contact form",
1321,"MOP HORNÕ PO»ERNICE PRAHA III.",3,1000,"contact form",
60320,"OOP éIDLOCHOVICE",3,1000,"contact form",
1118,"MOP ÿEPY PRAHA I.",3,1000,"contact form",
40217,"OOP äLUKNOV",3,1000,"contact form",
11416,"OOP ÿÕ»ANY",3,1000,"contact form",
1121,"MOP LETN¡ PRAHA I.",3,1000,"contact form",
13,"OÿP PRAHA III.",2,1000,"contact form",
70310,"OOP TÃRLICKO",3,1000,"contact form",
61310,"OOP HRUäOVANY NAD JEVIäOVKOU",3,1000,"contact form",
40613,"OOP LOVOSICE",3,1000,"contact form",
70216,"OOP HNOJNÕK",3,1000,"contact form",
70717,"OOP OSTRAVA - Z¡BÿEH",3,1000,"contact form",
30415,"OOP KOLINEC",3,1000,"contact form",
151116,"OOP UHERSK… HRADIäTÃ",3,1000,"contact form",
10216,"OOP ZDICE",3,1000,"contact form",
70415,"OOP ODRY",3,1000,"contact form",
10321,"OOP UNHOäç",3,1000,"contact form",
41020,"OOP KR¡SN… BÿEZNO",3,1000,"contact form",
10714,"OOP DOBROVICE",3,1000,"contact form",
40719,"OOP éATEC",3,1000,"contact form",
20714,"OOP STRAKONICE",3,1000,"contact form",
70721,"OOP OSTRAVA - PORUBA 2",3,1000,"contact form",
70712,"OOP OSTRAVA - PORUBA 1",3,1000,"contact form",
11419,"OOP KAMENICE",3,1000,"contact form",
618,"⁄O BLANSKO - VYäKOV",2,1000,"contact form",
161415,"OOP NOV… MÃSTO NA MORAVÃ",3,1000,"contact form",
151117,"OOP UHERSK› BROD",3,1000,"contact form",
107,"⁄O MLAD¡ BOLESLAV",2,1000,"contact form",
10110,"OOP BENEäOV",3,1000,"contact form",
181110,"OOP JILEMNICE",3,1000,"contact form",
40920,"OOP TRNOVANY",3,1000,"contact form",
10314,"OOP KLADNO",3,1000,"contact form",
60219,"OOP BRNO - BYSTRC",3,1000,"contact form",
10512,"OOP KUTN¡ HORA",3,1000,"contact form",
1317,"MOP »AKOVICE PRAHA III.",3,1000,"contact form",
11120,"OOP ROéMIT¡L POD TÿEMäÕNEM",3,1000,"contact form",
40210,"OOP BENEäOV NAD PLOU»NICÕ",3,1000,"contact form",
190320,"OOP TEPL¡",3,1000,"contact form",
181112,"OOP ROKYTNICE NAD JIZEROU",3,1000,"contact form",
1210,"MOP NOV… MÃSTO OÿP PRAHA II.",3,1000,"contact form",
1805,"⁄O LIBEREC",2,1000,"contact form",
31111,"OOP DOBÿANY",3,1000,"contact form",
60317,"OOP TIäNOV",3,1000,"contact form",
70317,"OOP BOHUMÕN",3,1000,"contact form",
1215,"MOP RADOTÕN OÿP PRAHA II.",3,1000,"contact form",
140819,"OOP PÿEROV 2",3,1000,"contact form",
114,"⁄O PRAHA VENKOV-JIH",2,1000,"contact form",
10119,"OOP VOTICE",3,1000,"contact form",
140910,"OOP HANUäOVICE",3,1000,"contact form",
700,"KÿP MORAVSKOSLEZSK…HO KRAJE",1,1000,"contact form",
20718,"OOP RADOMYäL",3,1000,"contact form",
308,"⁄O ROKYCANY",2,1000,"contact form",
180410,"OOP JABLONEC N/NISOU",3,1000,"contact form",
20119,"OOP TRHOV… SVINY",3,1000,"contact form",
170311,"OOP HLINSKO",3,1000,"contact form",
1316,"MOP œ¡BLICE PRAHA III.",3,1000,"contact form",
40314,"OOP KL¡äTEREC NAD OHÿÕ",3,1000,"contact form",
70315,"OOP KARVIN¡ 1",3,1000,"contact form",
70316,"OOP KARVIN¡ 7",3,1000,"contact form",
140519,"OOP UNI»OV",3,1000,"contact form",
1320,"MOP VYSO»ANY PRAHA III.",3,1000,"contact form",
10320,"OOP KLADNO - VENKOV",3,1000,"contact form",
11515,"OOP ODOLEN¡ VODA",3,1000,"contact form",
181111,"OOP LOMNICE NAD POPELKOU",3,1000,"contact form",
20612,"OOP NETOLICE",3,1000,"contact form",
403,"⁄O CHOMUTOV",2,1000,"contact form",
20218,"OOP VÃTÿNÕ",3,1000,"contact form",
170310,"OOP HEÿMANŸV MÃSTEC",3,1000,"contact form",
160715,"OOP TEL»",3,1000,"contact form",
11121,"OOP SEDL»ANY",3,1000,"contact form",
10117,"OOP T›NEC NAD S¡ZAVOU",3,1000,"contact form",
70412,"OOP FULNEK",3,1000,"contact form",
150518,"OOP VIZOVICE",3,1000,"contact form",
40717,"OOP PODBOÿANY",3,1000,"contact form",
30114,"OOP KDYNÃ",3,1000,"contact form",
161613,"OOP CHOTÃBOÿ",3,1000,"contact form",
10712,"OOP BEN¡TKY NAD JIZEROU",3,1000,"contact form",
1323,"MOP ⁄JEZD NAD LESY PRAHA III.",3,1000,"contact form",
190213,"OOP CHEB - MÃSTO",3,1000,"contact form",
180511,"OOP FR›DLANT",3,1000,"contact form",
50510,"OOP BROUMOV",3,1000,"contact form",
31114,"OOP MÃSTO TOUäKOV",3,1000,"contact form",
170914,"OOP LITOMYäL",3,1000,"contact form",
31118,"OOP STOD",3,1000,"contact form",
1120,"MOP HOLEäOVICE PRAHA I.",3,1000,"contact form",
1111,"MOP BENEDIKTSK¡ PRAHA I.",3,1000,"contact form",
406,"⁄O LITOMÃÿICE",2,1000,"contact form",
400,"KÿP ⁄STECK…HO KRAJE",1,1000,"contact form",
1421,"MOP ZAHRADNÕ MÃSTO PRAHA IV.",3,1000,"contact form",
40911,"OOP DUBÕ",3,1000,"contact form",
20818,"OOP T¡BOR",3,1000,"contact form",
20150,"OéP »ESK… BUDÃJOVICE",3,1000,"contact form",
60310,"OOP äLAPANICE",3,1000,"contact form",
190914,"OOP KRASLICE",3,1000,"contact form",
408,"⁄O MOST",2,1000,"contact form",
61319,"OOP VRANOV NAD DYJÕ",3,1000,"contact form",
180522,"OOP LIBEREC VRATISLAVICE",3,1000,"contact form",
10617,"OOP VOJKOVICE",3,1000,"contact form",
30113,"OOP HORäOVSK› T›N",3,1000,"contact form",
60315,"OOP ROSICE",3,1000,"contact form",
40713,"OOP LOUNY",3,1000,"contact form",
190911,"OOP HABARTOV",3,1000,"contact form",
20615,"OOP VIMPERK",3,1000,"contact form",
11621,"OOP HOSTIVICE",3,1000,"contact form",
20215,"OOP KAPLICE",3,1000,"contact form",
1413,"MOP SPOÿILOV PRAHA IV.",3,1000,"contact form",
170317,"OOP SKUTE»",3,1000,"contact form",
50218,"OOP HRADEC KR¡LOV… 3",3,1000,"contact form",
40311,"OOP CHOMUTOV-MÃSTO",3,1000,"contact form",
50210,"OOP HRADEC KR¡LOV… 1",3,1000,"contact form",
30417,"OOP PL¡NICE",3,1000,"contact form",
170612,"OOP HOLICE V »ECH¡CH",3,1000,"contact form",
1310,"MOP JAROV PRAHA III.",3,1000,"contact form",
170318,"OOP TÿEMOäNICE",3,1000,"contact form",
141110,"OOP JESENÕK",3,1000,"contact form",
70718,"OOP SLEZSK¡ OSTRAVA",3,1000,"contact form",
10517,"OOP ZBRASLAVICE",3,1000,"contact form",
1902,"⁄O CHEB",2,1000,"contact form",
111,"⁄O PÿÕBRAM",2,1000,"contact form",
41012,"OOP NEäTÃMICE",3,1000,"contact form",
30111,"OOP DOMAéLICE",3,1000,"contact form",
161011,"OOP HROTOVICE",3,1000,"contact form",
1313,"MOP KOBYLISY PRAHA III.",3,1000,"contact form",
50212,"OOP CHLUMEC NAD CIDLINOU",3,1000,"contact form",
31117,"OOP PÿEäTICE",3,1000,"contact form",
40815,"OOP OBRNICE",3,1000,"contact form",
10210,"OOP BEROUN",3,1000,"contact form",
1909,"⁄O SOKOLOV",2,1000,"contact form",
190916,"OOP LOKET NAD OHÿÕ",3,1000,"contact form",
140914,"OOP äUMPERK",3,1000,"contact form",
50711,"OOP KOSTELEC NAD ORLICÕ",3,1000,"contact form",
51011,"OOP DVŸR KR¡LOV… NAD LABEM",3,1000,"contact form",
407,"⁄O LOUNY",2,1000,"contact form",
50713,"OOP ROKYTNICE V ORLICK›CH HOR¡CH",3,1000,"contact form",
171117,"OOP éAMBERK",3,1000,"contact form",
70410,"OOP BÕLOVEC",3,1000,"contact form",
1600,"KÿP KRAJE VYSO»INA",1,1000,"contact form",
10814,"OOP NYMBURK",3,1000,"contact form",
11123,"OOP PÿÕBRAM - VENKOV",3,1000,"contact form",
30515,"OOP PLZE“ - BORY",3,1000,"contact form",
51021,"OOP éACL…ÿ",3,1000,"contact form",
1511,"⁄O UHERSK… HRADIäTÃ",2,1000,"contact form",
1122,"MOP V›STAVIäTÃ PRAHA I.",3,1000,"contact form",
70221,"OOP TÿINEC",3,1000,"contact form",
70722,"OOP VRATIMOV",3,1000,"contact form",
20114,"OOP BORäOV NAD VLTAVOU",3,1000,"contact form",
1217,"MOP ZLI»ÕN OÿP PRAHA II.",3,1000,"contact form",
1117,"MOP VOKOVICE PRAHA I.",3,1000,"contact form",
61819,"OOP VYäKOV",3,1000,"contact form",
1319,"MOP PROSEK PRAHA III.",3,1000,"contact form",
20618,"OOP HORNÕ VLTAVICE",3,1000,"contact form",
50513,"OOP HRONOV",3,1000,"contact form",
40216,"OOP RUMBURK",3,1000,"contact form",
70616,"OOP OPAVA",3,1000,"contact form",
10322,"OOP VELVARY",3,1000,"contact form",
40236,"OOP DÃ»ÕN - MÃSTO",3,1000,"contact form",
180116,"OOP NOV› BOR",3,1000,"contact form",
161713,"OOP KAMENICE NAD LIPOU",3,1000,"contact form",
1500,"KÿP ZLÕNSK…HO KRAJE",1,1000,"contact form",
190220,"OOP CHEB - VENKOV",3,1000,"contact form",
161616,"OOP SVÃTL¡ NAD S¡ZAVOU",3,1000,"contact form",
50516,"OOP NOV… MÃSTO NAD METUJÕ",3,1000,"contact form",
190322,"OOP éLUTICE",3,1000,"contact form",
170313,"OOP CHRUDIM",3,1000,"contact form",
180512,"OOP HEJNICE",3,1000,"contact form",
140817,"OOP PÿEROV",3,1000,"contact form",
1250,"MOP WILSONOVO N¡DRAéÕ",3,1000,"contact form",
20819,"OOP VESELÕ NAD LUéNICÕ",3,1000,"contact form",
11620,"OOP ÿEVNICE",3,1000,"contact form",
50517,"OOP POLICE NAD METUJÕ",3,1000,"contact form",
40323,"OOP CHOMUTOV »ERNOVICK¡",3,1000,"contact form",
70614,"OOP KRAVAÿE",3,1000,"contact form",
60312,"OOP IVAN»ICE",3,1000,"contact form",
50515,"OOP N¡CHOD",3,1000,"contact form",
150516,"OOP SLAVI»ÕN",3,1000,"contact form",
190317,"OOP NOV¡ ROLE",3,1000,"contact form",
51012,"OOP HOSTINN…",3,1000,"contact form",
70217,"OOP JABLUNKOV",3,1000,"contact form",
140512,"OOP MORAVSK› BEROUN",3,1000,"contact form",
180516,"OOP LIBEREC V¡PENKA",3,1000,"contact form",
40611,"OOP LITOMÃÿICE",3,1000,"contact form",
51016,"OOP TRUTNOV",3,1000,"contact form",
30411,"OOP HORAéœOVICE",3,1000,"contact form",
40614,"OOP ROUDNICE NAD LABEM",3,1000,"contact form",
1616,"⁄O HAVLÕ»KŸV BROD",2,1000,"contact form",
181116,"OOP TURNOV",3,1000,"contact form",
10614,"OOP MäENO",3,1000,"contact form",
70117,"OOP VRBNO POD PRADÃDEM",3,1000,"contact form",
140520,"OOP VELK¡ BYSTÿICE",3,1000,"contact form",
140917,"OOP Z¡BÿEH",3,1000,"contact form",
30517,"OOP PLZE“ - STÿED",3,1000,"contact form",
60214,"OOP BRNO - KR¡LOVO POLE",3,1000,"contact form",
60211,"OOP BRNO - éABOVÿESKY",3,1000,"contact form",
30512,"OOP PLZE“ 2",3,1000,"contact form",
20517,"OOP ZVÕKOVSK… PODHRADÕ",3,1000,"contact form",
410,"⁄O ⁄STÕ NAD LABEM",2,1000,"contact form",
1110,"MOP BARTOLOMÃJSK¡ PRAHA I.",3,1000,"contact form",
20312,"OOP JINDÿICHŸV HRADEC",3,1000,"contact form",
180112,"OOP DOKSY",3,1000,"contact form",
180115,"OOP MIMO“",3,1000,"contact form",
20310,"OOP DA»ICE",3,1000,"contact form",
61811,"OOP BLANSKO",3,1000,"contact form",
190313,"OOP KARLOVY VARY",3,1000,"contact form",
10610,"OOP KOSTELEC NAD LABEM",3,1000,"contact form",
40912,"OOP DUCHCOV",3,1000,"contact form",
304,"⁄O KLATOVY",2,1000,"contact form",
70713,"OOP OSTRAVA - PÿÕVOZ",3,1000,"contact form",
70211,"OOP BRUäPERK",3,1000,"contact form",
31115,"OOP NEPOMUK",3,1000,"contact form",
20217,"OOP LIPNO",3,1000,"contact form",
151516,"OOP VALAäSK… MEZIÿÕ»Õ",3,1000,"contact form",
140913,"OOP MOHELNICE",3,1000,"contact form",
40615,"OOP äTÃTÕ",3,1000,"contact form",
70720,"OOP OSTRAVA - HRABŸVKA",3,1000,"contact form",
60613,"OOP HODONÕN",3,1000,"contact form",
30810,"OOP HR¡DEK",3,1000,"contact form",
151517,"OOP VSETÕN",3,1000,"contact form",
161410,"OOP BYSTÿICE NAD PERNäTEJNEM",3,1000,"contact form",
180412,"OOP RYCHNOV U JABLONCE N/NISOU",3,1000,"contact form",
102,"⁄O BEROUN",2,1000,"contact form",
190211,"OOP FRANTIäKOVY L¡ZNÃ",3,1000,"contact form",
704,"⁄O NOV› JI»ÕN",2,1000,"contact form",
50716,"OOP T›NIäTÃ NAD ORLICÕ",3,1000,"contact form",
30420,"OOP éELEZN¡ RUDA",3,1000,"contact form",
51015,"OOP SVOBODA NAD ⁄POU",3,1000,"contact form",
20322,"OOP SUCHDOL NAD LUéNICÕ",3,1000,"contact form",
31112,"OOP KAZNÃJOV",3,1000,"contact form",
31120,"OOP ⁄NÃäOV",3,1000,"contact form",
1315,"MOP BOHNICE PRAHA III.",3,1000,"contact form",
170610,"OOP L¡ZNÃ BOHDANE»",3,1000,"contact form",
402,"⁄O DÃ»ÕN",2,1000,"contact form",
70318,"OOP ORLOV¡",3,1000,"contact form",
40718,"OOP POSTOLOPRTY",3,1000,"contact form",
108,"⁄O NYMBURK",2,1000,"contact form",
170918,"OOP SVITAVY",3,1000,"contact form",
1211,"MOP VINOHRADY OÿP PRAHA II.",3,1000,"contact form",
116,"⁄O PRAHA VENKOV-Z¡PAD",2,1000,"contact form",
150515,"OOP OTROKOVICE",3,1000,"contact form",
20613,"OOP PRACHATICE",3,1000,"contact form",
170917,"OOP POLI»KA",3,1000,"contact form",
1422,"MOP UHÿINÃVES PRAHA IV.",3,1000,"contact form",
10613,"OOP MÃLNÕK",3,1000,"contact form",
60412,"OOP HUSTOPE»E",3,1000,"contact form",
61818,"OOP SLAVKOV U BRNA",3,1000,"contact form",
20515,"OOP PÕSEK",3,1000,"contact form",
10511,"OOP ZRU» NAD S¡ZAVOU",3,1000,"contact form",
161014,"OOP MORAVSK… BUDÃJOVICE",3,1000,"contact form",
12,"OÿP PRAHA II.",2,1000,"contact form",
31116,"OOP N›ÿANY",3,1000,"contact form",
161015,"OOP N¡MÃäç NAD OSLAVOU",3,1000,"contact form",
1116,"MOP DEJVICE PRAHA I.",3,1000,"contact form",
504,"⁄O JI»ÕN",2,1000,"contact form",
70314,"OOP HORNÕ SUCH¡",3,1000,"contact form",
60612,"OOP DUB“ANY",3,1000,"contact form",
61320,"OOP ZNOJMO",3,1000,"contact form",
11216,"OOP RAKOVNÕK",3,1000,"contact form",
51018,"OOP VRCHLABÕ",3,1000,"contact form",
190311,"OOP BOCHOV",3,1000,"contact form",
207,"⁄O STRAKONICE",2,1000,"contact form",
30414,"OOP KLATOVY",3,1000,"contact form",
101,"⁄O BENEäOV",2,1000,"contact form",
41010,"OOP CHLUMEC",3,1000,"contact form",
20113,"OOP HLUBOK¡ NAD VLTAVOU",3,1000,"contact form",
30416,"OOP N›RSKO",3,1000,"contact form",
151511,"OOP HORNÕ LIDE»",3,1000,"contact form",
31012,"OOP PLAN¡",3,1000,"contact form",
1700,"KÿP PARDUBICK…HO KRAJE",1,1000,"contact form",
10611,"OOP KRALUPY NAD VLTAVOU",3,1000,"contact form",
161717,"OOP PELHÿIMOV",3,1000,"contact form",
70113,"OOP KRNOV",3,1000,"contact form",
61312,"OOP JEVIäOVICE",3,1000,"contact form",
20211,"OOP »ESK› KRUMLOV",3,1000,"contact form",
1411,"⁄O JESENÕK",2,1000,"contact form",
1400,"KÿP OLOMOUCK…HO KRAJE",1,1000,"contact form",
30812,"OOP ROKYCANY",3,1000,"contact form",
11618,"OOP MNÕäEK POD BRDY",3,1000,"contact form",
10112,"OOP »ER»ANY",3,1000,"contact form",
31011,"OOP BOR U TACHOVA",3,1000,"contact form",
150813,"OOP KROMÃÿÕé",3,1000,"contact form",
11110,"OOP BÿEZNICE",3,1000,"contact form",
50414,"OOP NOV¡ PAKA",3,1000,"contact form",
20512,"OOP MILEVSKO",3,1000,"contact form",
140813,"OOP LIPNÕK",3,1000,"contact form",
190919,"OOP SOKOLOV - VENKOV",3,1000,"contact form",
40218,"OOP VARNSDORF",3,1000,"contact form",
20717,"OOP VOLYNÃ",3,1000,"contact form",
10713,"OOP MLAD¡ BOLESLAV II",3,1000,"contact form",
31113,"OOP KRALOVICE",3,1000,"contact form",
40212,"OOP »ESK¡ KAMENICE",3,1000,"contact form",
1311,"MOP éIéKOV PRAHA III.",3,1000,"contact form",
70612,"OOP HLU»ÕN",3,1000,"contact form",
1610,"⁄O TÿEBÕ»",2,1000,"contact form",
60316,"OOP POHOÿELICE",3,1000,"contact form",
70411,"OOP FRENäT¡T POD RADHOäTÃM",3,1000,"contact form",
171110,"OOP »ESK¡ TÿEBOV¡",3,1000,"contact form",
20110,"OOP »ESK… BUDÃJOVICE",3,1000,"contact form",
602,"Mÿ BRNO",2,1000,"contact form",
10111,"OOP »ECHTICE",3,1000,"contact form",
11413,"OOP JÕLOV… U PRAHY",3,1000,"contact form",
150810,"OOP BYSTÿICE POD HOST›NEM",3,1000,"contact form",
141213,"OOP NÃM»ICE NAD HANOU",3,1000,"contact form",
40214,"OOP KR¡SN¡ LÕPA",3,1000,"contact form",
10816,"OOP PODÃBRADY",3,1000,"contact form",
190917,"OOP ROTAVA",3,1000,"contact form",
40915,"OOP KRUPKA",3,1000,"contact form",
180413,"OOP SMRéOVKA",3,1000,"contact form",
40910,"OOP BÕLINA",3,1000,"contact form",
11414,"OOP JESENICE",3,1000,"contact form",
1811,"⁄O SEMILY",2,1000,"contact form",
150811,"OOP HOLEäOV",3,1000,"contact form",
30550,"OéP PLZE“ MÃSTO",3,1000,"contact form",
60213,"OOP BRNO - éIDENICE",3,1000,"contact form",
190915,"OOP KYNäPERK NAD OHÿÕ",3,1000,"contact form",
20116,"OOP LIäOV",3,1000,"contact form",
180521,"OOP NOV… MÃSTO POD SMRKEM",3,1000,"contact form",
202,"⁄O »ESK› KRUMLOV",2,1000,"contact form",
10114,"OOP S¡ZAVA",3,1000,"contact form",
613,"⁄O ZNOJMO",2,1000,"contact form",
1614,"⁄O éœ¡R NAD S¡ZAVOU",2,1000,"contact form",
1505,"⁄O ZLÕN",2,1000,"contact form",
190310,"OOP BE»OV NAD TEPLOU",3,1000,"contact form",
190912,"OOP HORNÕ SLAVKOV",3,1000,"contact form",
140514,"OOP LUTÕN",3,1000,"contact form",
20513,"OOP »IMELICE",3,1000,"contact form",
1212,"MOP KOäÕÿE OÿP PRAHA II.",3,1000,"contact form",
1214,"MOP BARRANDOV OÿP PRAHA II.",3,1000,"contact form",
190321,"OOP TOUéIM",3,1000,"contact form",
60218,"OOP BRNO - V›STAVIäTÃ",3,1000,"contact form",
1405,"⁄O OLOMOUC",2,1000,"contact form",
141111,"OOP JAVORNÕK",3,1000,"contact form",
1411,"MOP LHOTKA PRAHA IV.",3,1000,"contact form",
10413,"OOP KOUÿIM",3,1000,"contact form",
190215,"OOP MARI¡NSK… L¡ZNÃ",3,1000,"contact form",
10812,"OOP MÃSTEC KR¡LOV…",3,1000,"contact form",
1409,"⁄O äUMPERK",2,1000,"contact form",
70711,"OOP OSTRAVA - MARI¡NSK… HORY",3,1000,"contact form",
502,"⁄O HRADEC KR¡LOV…",2,1000,"contact form",
180515,"OOP LIBEREC-CENTRUM",3,1000,"contact form",
10410,"OOP »ESK› BROD",3,1000,"contact form",
40819,"OOP MOST ZAHRADNÕ",3,1000,"contact form",
70618,"OOP VELK… HERALTICE",3,1000,"contact form",
50415,"OOP SOBOTKA",3,1000,"contact form",
151512,"OOP JABLŸNKA",3,1000,"contact form",
151112,"OOP BUCHLOVICE",3,1000,"contact form",
11112,"OOP DOBÿÕä",3,1000,"contact form",
1113,"MOP MŸSTEK PRAHA I.",3,1000,"contact form",
1412,"⁄O PROSTÃJOV",2,1000,"contact form",
50211,"OOP HRADEC KR¡LOV… 2",3,1000,"contact form",
150512,"OOP ZLÕN",3,1000,"contact form",
702,"⁄O FR›DEK-MÕSTEK",2,1000,"contact form",
70321,"OOP HAVÕÿOV 3",3,1000,"contact form",
70312,"OOP HAVÕÿOV 1",3,1000,"contact form",
10810,"OOP KÿINEC",3,1000,"contact form",
20716,"OOP VOD“ANY",3,1000,"contact form",
40814,"OOP MOST",3,1000,"contact form",
1119,"MOP RUZYNÃ PRAHA I.",3,1000,"contact form",
11510,"OOP BRAND›S/LABEM-STAR¡ BOLESLAV",3,1000,"contact form",
180111,"OOP »ESK¡ LÕPA",3,1000,"contact form",
40321,"OOP CHOMUTOV KAMENN¡",3,1000,"contact form",
103,"⁄O KLADNO",2,1000,"contact form",
11412,"OOP »ESTLICE",3,1000,"contact form",
180518,"OOP LIBEREC VESEC",3,1000,"contact form",
140513,"OOP LITOVEL",3,1000,"contact form",
41016,"OOP VäEBOÿICE",3,1000,"contact form",
1515,"⁄O VSETÕN",2,1000,"contact form",
10612,"OOP LUéEC NAD VLTAVOU",3,1000,"contact form",
11115,"OOP MILÕN",3,1000,"contact form",
190314,"OOP KARLOVY VARY - RYB¡ÿE",3,1000,"contact form",
151513,"OOP KAROLINKA",3,1000,"contact form",
51019,"OOP PEC POD SNÃéKOU",3,1000,"contact form",
150517,"OOP VALAäSK… KLOBOUKY",3,1000,"contact form",
70414,"OOP NOV› JI»ÕN",3,1000,"contact form",
507,"⁄O RYCHNOV NAD KNÃéNOU",2,1000,"contact form",
41013,"OOP ⁄STÕ N/LABEM - MÃSTO",3,1000,"contact form",
70416,"OOP PÿÕBOR",3,1000,"contact form",
10813,"OOP MILOVICE",3,1000,"contact form",
50410,"OOP HOÿICE",3,1000,"contact form",
40817,"OOP LITVÕNOV HAMR",3,1000,"contact form",
30418,"OOP SUäICE",3,1000,"contact form",
50710,"OOP DOBRUäKA",3,1000,"contact form",
600,"KÿP JIHOMORAVSK…HO KRAJE",1,1000,"contact form",
50512,"OOP »ESK¡ SKALICE",3,1000,"contact form",
70619,"OOP VÕTKOV",3,1000,"contact form",
161013,"OOP JEMNICE",3,1000,"contact form",
30112,"OOP HOL›äOV",3,1000,"contact form",
10515,"OOP UHLÕÿSK… JANOVICE",3,1000,"contact form",
105,"⁄O KUTN¡ HORA",2,1000,"contact form",
60415,"OOP MIKULOV",3,1000,"contact form",
10214,"OOP KR¡LŸV DVŸR",3,1000,"contact form",
100,"KÿP STÿEDO»ESK…HO KRAJE",1,1000,"contact form",
1508,"⁄O KROMÃÿÕé",2,1000,"contact form",
31015,"OOP KONSTANTINOVY L¡ZNÃ",3,1000,"contact form",
170615,"OOP CHVALETICE",3,1000,"contact form",
112,"⁄O RAKOVNÕK",2,1000,"contact form",
20810,"OOP BECHYNÃ",3,1000,"contact form",
1112,"MOP MAL¡ STRANA PRAHA I.",3,1000,"contact form",
170616,"OOP PÿELOU»",3,1000,"contact form",
409,"⁄O TEPLICE",2,1000,"contact form",
190318,"OOP OSTROV",3,1000,"contact form",
10416,"OOP T›NEC NAD LABEM",3,1000,"contact form",
51017,"OOP ⁄PICE",3,1000,"contact form",
10618,"OOP HORNÕ PO»¡PLY",3,1000,"contact form",
61812,"OOP BOSKOVICE",3,1000,"contact form",
205,"⁄O PÕSEK",2,1000,"contact form",
1903,"⁄O KARLOVY VARY",2,1000,"contact form",
703,"⁄O KARVIN¡",2,1000,"contact form",
20815,"OOP MLAD¡ VOéICE",3,1000,"contact form",
1408,"⁄O PÿEROV",2,1000,"contact form",
20323,"OOP TÿEBO“",3,1000,"contact form",
707,"MÿP OSTRAVA",2,1000,"contact form",
140811,"OOP HRANICE",3,1000,"contact form",
40310,"OOP BÿEZNO",3,1000,"contact form",
10118,"OOP VLAäIM",3,1000,"contact form",
150812,"OOP HULÕN",3,1000,"contact form",
1617,"⁄O PELHÿIMOV",2,1000,"contact form",
30514,"OOP PLZE“ - SKVR“ANY",3,1000,"contact form",
200,"KÿP JIHO»ESK…HO KRAJE",1,1000,"contact form",
180416,"OOP éELEZN› BROD",3,1000,"contact form",
190913,"OOP CHODOV",3,1000,"contact form",
1709,"⁄O SVITAVY",2,1000,"contact form",
10717,"OOP MLAD¡ BOLESLAV",3,1000,"contact form",
1114,"MOP KRAKOVSK¡ PRAHA I.",3,1000,"contact form",
180520,"OOP HR¡DEK NAD NISOU",3,1000,"contact form",
1412,"MOP PODOLÕ PRAHA IV.",3,1000,"contact form",
140523,"OOP OLOMOUC 3",3,1000,"contact form",
61817,"OOP BU»OVICE",3,1000,"contact form",
140516,"OOP OLOMOUC 1",3,1000,"contact form",
151118,"OOP UHERSK› OSTROH",3,1000,"contact form",
140524,"OOP OLOMOUC 4",3,1000,"contact form",
1711,"⁄O ⁄STÕ NAD ORLICÕ",2,1000,"contact form",
11422,"OOP HRADIäçKO",3,1000,"contact form",
171118,"OOP LETOHRAD",3,1000,"contact form",
20315,"OOP NOV¡ BYSTÿICE",3,1000,"contact form",
1213,"MOP SMÕCHOV OÿP PRAHA II.",3,1000,"contact form",
60617,"OOP VESELÕ NAD MORAVOU",3,1000,"contact form",
10412,"OOP KOSTELEC NAD »ERN›MI LESY",3,1000,"contact form",
170312,"OOP CHRAST",3,1000,"contact form",
10817,"OOP SADSK¡",3,1000,"contact form",
171115,"OOP ⁄STÕ NAD ORLICÕ",3,1000,"contact form",
161716,"OOP PACOV",3,1000,"contact form",
1115,"MOP BÿEVNOV PRAHA I.",3,1000,"contact form",
206,"⁄O PRACHATICE",2,1000,"contact form",
10718,"OOP MNICHOVO HRADIäTÃ",3,1000,"contact form",
180110,"OOP CVIKOV",3,1000,"contact form",
1150,"MOP MASARYKOVO N. PRAHA I",3,1000,"contact form",
40219,"OOP VELK› äENOV",3,1000,"contact form",
171111,"OOP CHOCE“",3,1000,"contact form",
190210,"OOP Aä",3,1000,"contact form",
1804,"⁄O JABLONEC NAD NISOU",2,1000,"contact form",
41015,"OOP TRMICE",3,1000,"contact form",
40918,"OOP TEPLICE",3,1000,"contact form",
140916,"OOP VELK… LOSINY",3,1000,"contact form",
20120,"OOP T›N NAD VLTAVOU",3,1000,"contact form",
50514,"OOP JAROMÃÿ",3,1000,"contact form",
151515,"OOP ROéNOV POD RADHOäTÃM",3,1000,"contact form",
31110,"OOP BLOVICE",3,1000,"contact form",
300,"KÿP PLZE“SK…HO KRAJE",1,1000,"contact form",
50714,"OOP RYCHNOV NAD KNÃéNOU",3,1000,"contact form",
10615,"OOP NERATOVICE",3,1000,"contact form",
1251,"MOP SMÕCHOVSK… N¡DRAéÕ",3,1000,"contact form",
1151,"MOP HOLEäOVICK… N. PRAHA I",3,1000,"contact form",
701,"⁄O BRUNT¡L",2,1000,"contact form",
505,"⁄O N¡CHOD",2,1000,"contact form",
31013,"OOP STÿÕBRO",3,1000,"contact form",
20111,"OOP »TYÿI DVORY",3,1000,"contact form",
70110,"OOP BRUNT¡L",3,1000,"contact form",
20711,"OOP BLATN¡",3,1000,"contact form",
170916,"OOP MORAVSK¡ TÿEBOV¡",3,1000,"contact form",
180510,"OOP »ESK› DUB",3,1000,"contact form",
61816,"OOP LETOVICE",3,1000,"contact form",
70116,"OOP R›MAÿOV",3,1000,"contact form",
20213,"OOP HORNÕ PLAN¡",3,1000,"contact form",
500,"KÿP KR¡LOV…HRADECK…HO KRAJE",1,1000,"contact form",
1322,"MOP LET“ANY PRAHA III.",3,1000,"contact form",
181118,"OOP HARRACHOV",3,1000,"contact form",
1419,"MOP VRäOVICE PRAHA IV.",3,1000,"contact form",
40812,"OOP LITVÕNOV",3,1000,"contact form",
14,"OÿP PRAHA IV.",2,1000,"contact form",
203,"⁄O JINDÿICHŸV HRADEC",2,1000,"contact form",
40319,"OOP VEJPRTY",3,1000,"contact form",
141216,"OOP PROSTÃJOV 2",3,1000,"contact form",
141215,"OOP PROSTÃJOV 1",3,1000,"contact form",
60212,"OOP BRNO - SEVER",3,1000,"contact form",
1216,"MOP STODŸLKY OÿP PRAHA II.",3,1000,"contact form",
40312,"OOP JIRKOV",3,1000,"contact form",
180411,"OOP JABLONEC N/NISOU MäENO",3,1000,"contact form",
40313,"OOP KADA“",3,1000,"contact form",
70417,"OOP STUD…NKA",3,1000,"contact form",
70320,"OOP DÃTMAROVICE",3,1000,"contact form",
115,"⁄O PRAHA VENKOV-V›CHOD",2,1000,"contact form",
10811,"OOP LYS¡ NAD LABEM",3,1000,"contact form",
30516,"OOP PLZE“ - VINICE",3,1000,"contact form",
180526,"OOP HODKOVICE NAD MOHELKOU",3,1000,"contact form",
140522,"OOP OLOMOUC 2",3,1000,"contact form",
190312,"OOP J¡CHYMOV",3,1000,"contact form",
190918,"OOP SOKOLOV",3,1000,"contact form",
1417,"MOP PANKR¡C PRAHA IV.",3,1000,"contact form",
706,"⁄O OPAVA",2,1000,"contact form",
10317,"OOP SLAN›",3,1000,"contact form",
70213,"OOP NOäOVICE",3,1000,"contact form",
20817,"OOP SOBÃSLAV",3,1000,"contact form",
181114,"OOP SEMILY",3,1000,"contact form",
606,"⁄O HODONÕN",2,1000,"contact form",
190319,"OOP PERNINK",3,1000,"contact form",
150513,"OOP LUHA»OVICE",3,1000,"contact form",
60216,"OOP BRNO - KOM¡ROV",3,1000,"contact form",
10411,"OOP KOLÕN",3,1000,"contact form",
311,"⁄O PLZE“ - VENKOV",2,1000,"contact form",
161420,"OOP éœ¡R NAD S¡ZAVOU",3,1000,"contact form",
171116,"OOP VYSOK… M›TO",3,1000,"contact form",
31014,"OOP TACHOV",3,1000,"contact form",
161612,"OOP HAVLÕ»KŸV BROD",3,1000,"contact form",
1314,"MOP LIBE“ PRAHA III.",3,1000,"contact form",
70114,"OOP MÃSTO ALBRECHTICE",3,1000,"contact form",
60410,"OOP BÿECLAV",3,1000,"contact form",
11119,"OOP PÿÕBRAM",3,1000,"contact form",
50215,"OOP NOV› BYDéOV",3,1000,"contact form",
50411,"OOP JI»ÕN",3,1000,"contact form",
70413,"OOP KOPÿIVNICE",3,1000,"contact form",
1420,"MOP STRAäNICE PRAHA IV.",3,1000,"contact form",
140812,"OOP KOJETÕN",3,1000,"contact form",
150514,"OOP NAPAJEDLA",3,1000,"contact form",
11211,"OOP HOÿESEDLY",3,1000,"contact form",
1410,"MOP MODÿANY PRAHA IV.",3,1000,"contact form",
70716,"OOP OSTRAVA - VÕTKOVICE",3,1000,"contact form",
10213,"OOP KARLäTEJN",3,1000,"contact form",
603,"⁄O BRNO - VENKOV",2,1000,"contact form",
70715,"OOP OSTRAVA - STÿED",3,1000,"contact form",
51020,"OOP äPINDLERŸV ML›N",3,1000,"contact form",
1312,"MOP KARLÕN PRAHA III.",3,1000,"contact form",
170621,"OOP PARDUBICE 4",3,1000,"contact form",
30811,"OOP RADNICE",3,1000,"contact form",
170614,"OOP PARDUBICE 2",3,1000,"contact form",
170619,"OOP PARDUBICE 3",3,1000,"contact form",
170613,"OOP PARDUBICE 1",3,1000,"contact form",
1706,"⁄O PARDUBICE",2,1000,"contact form",
141112,"OOP ZLAT… HORY",3,1000,"contact form",
70319,"OOP PETÿVALD",3,1000,"contact form",
160713,"OOP POLN¡",3,1000,"contact form",
180120,"OOP éANDOV",3,1000,"contact form",
10711,"OOP BÃL¡ POD BEZDÃZEM",3,1000,"contact form",
1414,"MOP NUSLE PRAHA IV.",3,1000,"contact form",
60615,"OOP STR¡éNICE",3,1000,"contact form",
30115,"OOP POBÃéOVICE",3,1000,"contact form",
40213,"OOP DÃ»ÕN - PODMOKLY",3,1000,"contact form",
30419,"OOP äVIHOV",3,1000,"contact form",
10211,"OOP HOÿOVICE",3,1000,"contact form",
50412,"OOP KOPIDLNO",3,1000,"contact form",
1900,"KÿP KARLOVARSK…HO KRAJE",1,1000,"contact form",
201,"⁄O »ESK… BUDÃJOVICE",2,1000,"contact form",
174150,"ICP LETIäTÃ PARDUBICE",3,1000,"contact form",
74170,"ICP LETIäTÃ MOäNOV",3,1000,"contact form",
64160,"ICP LETIäTÃ TUÿANY",3,1000,"contact form",
4110,"ICP LETIäTÃ RUZYNÃ",3,1000,"contact form",
194130,"ICP LETIäTÃ KARLOVY VARY",3,1000,"contact form",
0,"»esk· republika",3,1000,"contact formJa",
