11,"OŘP PRAHA I.",2,1000,"contact form","ořp praha i."
150815,"OOP MORKOVICE - SLÍŽANY",3,1000,"contact form","oop morkovice - slížany"
10510,"OOP ČÁSLAV",3,1000,"contact form","oop čáslav"
161017,"OOP TŘEBÍČ",3,1000,"contact form","oop třebíč"
30413,"OOP KAŠPERSKÉ HORY",3,1000,"contact form","oop kašperské hory"
141211,"OOP KONICE",3,1000,"contact form","oop konice"
60210,"OOP BRNO - STŘED",3,1000,"contact form","oop brno - střed"
510,"ÚO TRUTNOV",2,1000,"contact form","úo trutnov"
180513,"OOP CHRASTAVA",3,1000,"contact form","oop chrastava"
41014,"OOP STŘEKOV",3,1000,"contact form","oop střekov"
11213,"OOP ROZTOKY",3,1000,"contact form","oop roztoky"
10319,"OOP STOCHOV",3,1000,"contact form","oop stochov"
140518,"OOP ŠTERNBERK",3,1000,"contact form","oop šternberk"
11215,"OOP NOVÉ STRAŠECÍ",3,1000,"contact form","oop nové strašecí"
1607,"ÚO JIHLAVA",2,1000,"contact form","úo jihlava"
1318,"MOP KYJE PRAHA III.",3,1000,"contact form","mop kyje praha iii."
190316,"OOP NEJDEK",3,1000,"contact form","oop nejdek"
171114,"OOP LANŠKROUN",3,1000,"contact form","oop lanškroun"
20816,"OOP SEZIMOVO ÚSTÍ",3,1000,"contact form","oop sezimovo ústí"
104,"ÚO KOLÍN",2,1000,"contact form","úo kolín"
106,"ÚO MĚLNÍK",2,1000,"contact form","úo mělník"
60614,"OOP KYJOV",3,1000,"contact form","oop kyjov"
301,"ÚO DOMAŽLICE",2,1000,"contact form","úo domažlice"
180121,"OOP JABLONNÉ V PODJEŠTĚDÍ",3,1000,"contact form","oop jablonné v podještědí"
141214,"OOP PLUMLOV",3,1000,"contact form","oop plumlov"
305,"ÚO MŘ PLZEŇ",2,1000,"contact form","úo mř plzeň"
1800,"KŘP LIBERECKÉHO KRAJE",1,1000,"contact form","křp libereckého kraje"
10418,"OOP PEČKY",3,1000,"contact form","oop pečky"
180117,"OOP STRÁŽ POD RALSKEM",3,1000,"contact form","oop stráž pod ralskem"
151111,"OOP BOJKOVICE",3,1000,"contact form","oop bojkovice"
160711,"OOP JIHLAVA",3,1000,"contact form","oop jihlava"
1418,"MOP HOSTIVAŘ PRAHA IV.",3,1000,"contact form","mop hostivař praha iv."
50217,"OOP TŘEBECHOVICE POD OREBEM",3,1000,"contact form","oop třebechovice pod orebem"
40917,"OOP PROSETICE",3,1000,"contact form","oop prosetice"
10311,"OOP KLADNO - KROČEHLAVY",3,1000,"contact form","oop kladno - kročehlavy"
60313,"OOP KUŘIM",3,1000,"contact form","oop kuřim"
161712,"OOP HUMPOLEC",3,1000,"contact form","oop humpolec"
150511,"OOP FRYŠTÁK",3,1000,"contact form","oop fryšták"
70218,"OOP PALKOVICE",3,1000,"contact form","oop palkovice"
11614,"OOP LIBČICE",3,1000,"contact form","oop libčice"
11511,"OOP ČELÁKOVICE",3,1000,"contact form","oop čelákovice"
20112,"OOP SUCHÉ VRBNÉ",3,1000,"contact form","oop suché vrbné"
70613,"OOP HRADEC NAD MORAVICÍ",3,1000,"contact form","oop hradec nad moravicí"
1703,"ÚO CHRUDIM",2,1000,"contact form","úo chrudim"
1801,"ÚO ČESKÁ LÍPA",2,1000,"contact form","úo česká lípa"
190217,"OOP PLESNÁ",3,1000,"contact form","oop plesná"
160716,"OOP TŘEŠŤ",3,1000,"contact form","oop třešť"
180414,"OOP TANVALD",3,1000,"contact form","oop tanvald"
70215,"OOP FRÝDLANT NAD OSTRAVICÍ",3,1000,"contact form","oop frýdlant nad ostravicí"
61315,"OOP MORAVSKÝ KRUMLOV",3,1000,"contact form","oop moravský krumlov"
31119,"OOP TŘEMOŠNÁ",3,1000,"contact form","oop třemošná"
208,"ÚO TÁBOR",2,1000,"contact form","úo tábor"
11517,"OOP ÚVALY",3,1000,"contact form","oop úvaly"
171113,"OOP KRÁLÍKY",3,1000,"contact form","oop králíky"
1415,"MOP JIŽNÍ MĚSTO PRAHA IV.",3,1000,"contact form","mop jižní město praha iv."
30513,"OOP PLZEŇ 1",3,1000,"contact form","oop plzeň 1"
20516,"OOP PROTIVÍN",3,1000,"contact form","oop protivín"
70311,"OOP ČESKÝ TĚŠÍN",3,1000,"contact form","oop český těšín"
30511,"OOP PLZEŇ 4",3,1000,"contact form","oop plzeň 4"
70214,"OOP FRÝDEK-MÍSTEK",3,1000,"contact form","oop frýdek-místek"
60322,"OOP RAJHRAD",3,1000,"contact form","oop rajhrad"
161419,"OOP VELKÉ MEZIŘÍČÍ",3,1000,"contact form","oop velké meziříčí"
604,"ÚO BŘECLAV",2,1000,"contact form","úo břeclav"
310,"ÚO TACHOV",2,1000,"contact form","úo tachov"
50216,"OOP HOLOHLAVY",3,1000,"contact form","oop holohlavy"
20617,"OOP VOLARY",3,1000,"contact form","oop volary"
1321,"MOP HORNÍ POČERNICE PRAHA III.",3,1000,"contact form","mop horní počernice praha iii."
60320,"OOP ŽIDLOCHOVICE",3,1000,"contact form","oop židlochovice"
1118,"MOP ŘEPY PRAHA I.",3,1000,"contact form","mop řepy praha i."
40217,"OOP ŠLUKNOV",3,1000,"contact form","oop šluknov"
11416,"OOP ŘÍČANY",3,1000,"contact form","oop říčany"
1121,"MOP LETNÁ PRAHA I.",3,1000,"contact form","mop letná praha i."
13,"OŘP PRAHA III.",2,1000,"contact form","ořp praha iii."
70310,"OOP TĚRLICKO",3,1000,"contact form","oop těrlicko"
61310,"OOP HRUŠOVANY NAD JEVIŠOVKOU",3,1000,"contact form","oop hrušovany nad jevišovkou"
40613,"OOP LOVOSICE",3,1000,"contact form","oop lovosice"
70216,"OOP HNOJNÍK",3,1000,"contact form","oop hnojník"
70717,"OOP OSTRAVA - ZÁBŘEH",3,1000,"contact form","oop ostrava - zábřeh"
30415,"OOP KOLINEC",3,1000,"contact form","oop kolinec"
151116,"OOP UHERSKÉ HRADIŠTĚ",3,1000,"contact form","oop uherské hradiště"
10216,"OOP ZDICE",3,1000,"contact form","oop zdice"
70415,"OOP ODRY",3,1000,"contact form","oop odry"
10321,"OOP UNHOŠŤ",3,1000,"contact form","oop unhošť"
41020,"OOP KRÁSNÉ BŘEZNO",3,1000,"contact form","oop krásné březno"
10714,"OOP DOBROVICE",3,1000,"contact form","oop dobrovice"
40719,"OOP ŽATEC",3,1000,"contact form","oop žatec"
20714,"OOP STRAKONICE",3,1000,"contact form","oop strakonice"
70721,"OOP OSTRAVA - PORUBA 2",3,1000,"contact form","oop ostrava - poruba 2"
70712,"OOP OSTRAVA - PORUBA 1",3,1000,"contact form","oop ostrava - poruba 1"
11419,"OOP KAMENICE",3,1000,"contact form","oop kamenice"
618,"ÚO BLANSKO - VYŠKOV",2,1000,"contact form","úo blansko - vyškov"
161415,"OOP NOVÉ MĚSTO NA MORAVĚ",3,1000,"contact form","oop nové město na moravě"
151117,"OOP UHERSKÝ BROD",3,1000,"contact form","oop uherský brod"
107,"ÚO MLADÁ BOLESLAV",2,1000,"contact form","úo mladá boleslav"
10110,"OOP BENEŠOV",3,1000,"contact form","oop benešov"
181110,"OOP JILEMNICE",3,1000,"contact form","oop jilemnice"
40920,"OOP TRNOVANY",3,1000,"contact form","oop trnovany"
10314,"OOP KLADNO",3,1000,"contact form","oop kladno"
60219,"OOP BRNO - BYSTRC",3,1000,"contact form","oop brno - bystrc"
10512,"OOP KUTNÁ HORA",3,1000,"contact form","oop kutná hora"
1317,"MOP ČAKOVICE PRAHA III.",3,1000,"contact form","mop čakovice praha iii."
11120,"OOP ROŽMITÁL POD TŘEMŠÍNEM",3,1000,"contact form","oop rožmitál pod třemšínem"
40210,"OOP BENEŠOV NAD PLOUČNICÍ",3,1000,"contact form","oop benešov nad ploučnicí"
190320,"OOP TEPLÁ",3,1000,"contact form","oop teplá"
181112,"OOP ROKYTNICE NAD JIZEROU",3,1000,"contact form","oop rokytnice nad jizerou"
1210,"MOP NOVÉ MĚSTO OŘP PRAHA II.",3,1000,"contact form","mop nové město ořp praha ii."
1805,"ÚO LIBEREC",2,1000,"contact form","úo liberec"
31111,"OOP DOBŘANY",3,1000,"contact form","oop dobřany"
60317,"OOP TIŠNOV",3,1000,"contact form","oop tišnov"
70317,"OOP BOHUMÍN",3,1000,"contact form","oop bohumín"
1215,"MOP RADOTÍN OŘP PRAHA II.",3,1000,"contact form","mop radotín ořp praha ii."
140819,"OOP PŘEROV 2",3,1000,"contact form","oop přerov 2"
114,"ÚO PRAHA VENKOV-JIH",2,1000,"contact form","úo praha venkov-jih"
10119,"OOP VOTICE",3,1000,"contact form","oop votice"
140910,"OOP HANUŠOVICE",3,1000,"contact form","oop hanušovice"
700,"KŘP MORAVSKOSLEZSKÉHO KRAJE",1,1000,"contact form","křp moravskoslezského kraje"
20718,"OOP RADOMYŠL",3,1000,"contact form","oop radomyšl"
308,"ÚO ROKYCANY",2,1000,"contact form","úo rokycany"
180410,"OOP JABLONEC N/NISOU",3,1000,"contact form","oop jablonec n/nisou"
20119,"OOP TRHOVÉ SVINY",3,1000,"contact form","oop trhové sviny"
170311,"OOP HLINSKO",3,1000,"contact form","oop hlinsko"
1316,"MOP ĎÁBLICE PRAHA III.",3,1000,"contact form","mop ďáblice praha iii."
40314,"OOP KLÁŠTEREC NAD OHŘÍ",3,1000,"contact form","oop klášterec nad ohří"
70315,"OOP KARVINÁ 1",3,1000,"contact form","oop karviná 1"
70316,"OOP KARVINÁ 7",3,1000,"contact form","oop karviná 7"
140519,"OOP UNIČOV",3,1000,"contact form","oop uničov"
1320,"MOP VYSOČANY PRAHA III.",3,1000,"contact form","mop vysočany praha iii."
10320,"OOP KLADNO - VENKOV",3,1000,"contact form","oop kladno - venkov"
11515,"OOP ODOLENÁ VODA",3,1000,"contact form","oop odolená voda"
181111,"OOP LOMNICE NAD POPELKOU",3,1000,"contact form","oop lomnice nad popelkou"
20612,"OOP NETOLICE",3,1000,"contact form","oop netolice"
403,"ÚO CHOMUTOV",2,1000,"contact form","úo chomutov"
20218,"OOP VĚTŘNÍ",3,1000,"contact form","oop větřní"
170310,"OOP HEŘMANŮV MĚSTEC",3,1000,"contact form","oop heřmanův městec"
160715,"OOP TELČ",3,1000,"contact form","oop telč"
11121,"OOP SEDLČANY",3,1000,"contact form","oop sedlčany"
10117,"OOP TÝNEC NAD SÁZAVOU",3,1000,"contact form","oop týnec nad sázavou"
70412,"OOP FULNEK",3,1000,"contact form","oop fulnek"
150518,"OOP VIZOVICE",3,1000,"contact form","oop vizovice"
40717,"OOP PODBOŘANY",3,1000,"contact form","oop podbořany"
30114,"OOP KDYNĚ",3,1000,"contact form","oop kdyně"
161613,"OOP CHOTĚBOŘ",3,1000,"contact form","oop chotěboř"
10712,"OOP BENÁTKY NAD JIZEROU",3,1000,"contact form","oop benátky nad jizerou"
1323,"MOP ÚJEZD NAD LESY PRAHA III.",3,1000,"contact form","mop újezd nad lesy praha iii."
190213,"OOP CHEB - MĚSTO",3,1000,"contact form","oop cheb - město"
180511,"OOP FRÝDLANT",3,1000,"contact form","oop frýdlant"
50510,"OOP BROUMOV",3,1000,"contact form","oop broumov"
31114,"OOP MĚSTO TOUŠKOV",3,1000,"contact form","oop město touškov"
170914,"OOP LITOMYŠL",3,1000,"contact form","oop litomyšl"
31118,"OOP STOD",3,1000,"contact form","oop stod"
1120,"MOP HOLEŠOVICE PRAHA I.",3,1000,"contact form","mop holešovice praha i."
1111,"MOP BENEDIKTSKÁ PRAHA I.",3,1000,"contact form","mop benediktská praha i."
406,"ÚO LITOMĚŘICE",2,1000,"contact form","úo litoměřice"
400,"KŘP ÚSTECKÉHO KRAJE",1,1000,"contact form","křp ústeckého kraje"
1421,"MOP ZAHRADNÍ MĚSTO PRAHA IV.",3,1000,"contact form","mop zahradní město praha iv."
40911,"OOP DUBÍ",3,1000,"contact form","oop dubí"
20818,"OOP TÁBOR",3,1000,"contact form","oop tábor"
20150,"OŽP ČESKÉ BUDĚJOVICE",3,1000,"contact form","ožp české budějovice"
60310,"OOP ŠLAPANICE",3,1000,"contact form","oop šlapanice"
190914,"OOP KRASLICE",3,1000,"contact form","oop kraslice"
408,"ÚO MOST",2,1000,"contact form","úo most"
61319,"OOP VRANOV NAD DYJÍ",3,1000,"contact form","oop vranov nad dyjí"
180522,"OOP LIBEREC VRATISLAVICE",3,1000,"contact form","oop liberec vratislavice"
10617,"OOP VOJKOVICE",3,1000,"contact form","oop vojkovice"
30113,"OOP HORŠOVSKÝ TÝN",3,1000,"contact form","oop horšovský týn"
60315,"OOP ROSICE",3,1000,"contact form","oop rosice"
40713,"OOP LOUNY",3,1000,"contact form","oop louny"
190911,"OOP HABARTOV",3,1000,"contact form","oop habartov"
20615,"OOP VIMPERK",3,1000,"contact form","oop vimperk"
11621,"OOP HOSTIVICE",3,1000,"contact form","oop hostivice"
20215,"OOP KAPLICE",3,1000,"contact form","oop kaplice"
1413,"MOP SPOŘILOV PRAHA IV.",3,1000,"contact form","mop spořilov praha iv."
170317,"OOP SKUTEČ",3,1000,"contact form","oop skuteč"
50218,"OOP HRADEC KRÁLOVÉ 3",3,1000,"contact form","oop hradec králové 3"
40311,"OOP CHOMUTOV-MĚSTO",3,1000,"contact form","oop chomutov-město"
50210,"OOP HRADEC KRÁLOVÉ 1",3,1000,"contact form","oop hradec králové 1"
30417,"OOP PLÁNICE",3,1000,"contact form","oop plánice"
170612,"OOP HOLICE V ČECHÁCH",3,1000,"contact form","oop holice v čechách"
1310,"MOP JAROV PRAHA III.",3,1000,"contact form","mop jarov praha iii."
170318,"OOP TŘEMOŠNICE",3,1000,"contact form","oop třemošnice"
141110,"OOP JESENÍK",3,1000,"contact form","oop jeseník"
70718,"OOP SLEZSKÁ OSTRAVA",3,1000,"contact form","oop slezská ostrava"
10517,"OOP ZBRASLAVICE",3,1000,"contact form","oop zbraslavice"
1902,"ÚO CHEB",2,1000,"contact form","úo cheb"
111,"ÚO PŘÍBRAM",2,1000,"contact form","úo příbram"
41012,"OOP NEŠTĚMICE",3,1000,"contact form","oop neštěmice"
30111,"OOP DOMAŽLICE",3,1000,"contact form","oop domažlice"
161011,"OOP HROTOVICE",3,1000,"contact form","oop hrotovice"
1313,"MOP KOBYLISY PRAHA III.",3,1000,"contact form","mop kobylisy praha iii."
50212,"OOP CHLUMEC NAD CIDLINOU",3,1000,"contact form","oop chlumec nad cidlinou"
31117,"OOP PŘEŠTICE",3,1000,"contact form","oop přeštice"
40815,"OOP OBRNICE",3,1000,"contact form","oop obrnice"
10210,"OOP BEROUN",3,1000,"contact form","oop beroun"
1909,"ÚO SOKOLOV",2,1000,"contact form","úo sokolov"
190916,"OOP LOKET NAD OHŘÍ",3,1000,"contact form","oop loket nad ohří"
140914,"OOP ŠUMPERK",3,1000,"contact form","oop šumperk"
50711,"OOP KOSTELEC NAD ORLICÍ",3,1000,"contact form","oop kostelec nad orlicí"
51011,"OOP DVŮR KRÁLOVÉ NAD LABEM",3,1000,"contact form","oop dvůr králové nad labem"
407,"ÚO LOUNY",2,1000,"contact form","úo louny"
50713,"OOP ROKYTNICE V ORLICKÝCH HORÁCH",3,1000,"contact form","oop rokytnice v orlických horách"
171117,"OOP ŽAMBERK",3,1000,"contact form","oop žamberk"
70410,"OOP BÍLOVEC",3,1000,"contact form","oop bílovec"
1600,"KŘP KRAJE VYSOČINA",1,1000,"contact form","křp kraje vysočina"
10814,"OOP NYMBURK",3,1000,"contact form","oop nymburk"
11123,"OOP PŘÍBRAM - VENKOV",3,1000,"contact form","oop příbram - venkov"
30515,"OOP PLZEŇ - BORY",3,1000,"contact form","oop plzeň - bory"
51021,"OOP ŽACLÉŘ",3,1000,"contact form","oop žacléř"
1511,"ÚO UHERSKÉ HRADIŠTĚ",2,1000,"contact form","úo uherské hradiště"
1122,"MOP VÝSTAVIŠTĚ PRAHA I.",3,1000,"contact form","mop výstaviště praha i."
70221,"OOP TŘINEC",3,1000,"contact form","oop třinec"
70722,"OOP VRATIMOV",3,1000,"contact form","oop vratimov"
20114,"OOP BORŠOV NAD VLTAVOU",3,1000,"contact form","oop boršov nad vltavou"
1217,"MOP ZLIČÍN OŘP PRAHA II.",3,1000,"contact form","mop zličín ořp praha ii."
1117,"MOP VOKOVICE PRAHA I.",3,1000,"contact form","mop vokovice praha i."
61819,"OOP VYŠKOV",3,1000,"contact form","oop vyškov"
1319,"MOP PROSEK PRAHA III.",3,1000,"contact form","mop prosek praha iii."
20618,"OOP HORNÍ VLTAVICE",3,1000,"contact form","oop horní vltavice"
50513,"OOP HRONOV",3,1000,"contact form","oop hronov"
40216,"OOP RUMBURK",3,1000,"contact form","oop rumburk"
70616,"OOP OPAVA",3,1000,"contact form","oop opava"
10322,"OOP VELVARY",3,1000,"contact form","oop velvary"
40236,"OOP DĚČÍN - MĚSTO",3,1000,"contact form","oop děčín - město"
180116,"OOP NOVÝ BOR",3,1000,"contact form","oop nový bor"
161713,"OOP KAMENICE NAD LIPOU",3,1000,"contact form","oop kamenice nad lipou"
1500,"KŘP ZLÍNSKÉHO KRAJE",1,1000,"contact form","křp zlínského kraje"
190220,"OOP CHEB - VENKOV",3,1000,"contact form","oop cheb - venkov"
161616,"OOP SVĚTLÁ NAD SÁZAVOU",3,1000,"contact form","oop světlá nad sázavou"
50516,"OOP NOVÉ MĚSTO NAD METUJÍ",3,1000,"contact form","oop nové město nad metují"
190322,"OOP ŽLUTICE",3,1000,"contact form","oop žlutice"
170313,"OOP CHRUDIM",3,1000,"contact form","oop chrudim"
180512,"OOP HEJNICE",3,1000,"contact form","oop hejnice"
140817,"OOP PŘEROV",3,1000,"contact form","oop přerov"
1250,"MOP WILSONOVO NÁDRAŽÍ",3,1000,"contact form","mop wilsonovo nádraží"
20819,"OOP VESELÍ NAD LUŽNICÍ",3,1000,"contact form","oop veselí nad lužnicí"
11620,"OOP ŘEVNICE",3,1000,"contact form","oop řevnice"
50517,"OOP POLICE NAD METUJÍ",3,1000,"contact form","oop police nad metují"
40323,"OOP CHOMUTOV ČERNOVICKÁ",3,1000,"contact form","oop chomutov černovická"
70614,"OOP KRAVAŘE",3,1000,"contact form","oop kravaře"
60312,"OOP IVANČICE",3,1000,"contact form","oop ivančice"
50515,"OOP NÁCHOD",3,1000,"contact form","oop náchod"
150516,"OOP SLAVIČÍN",3,1000,"contact form","oop slavičín"
190317,"OOP NOVÁ ROLE",3,1000,"contact form","oop nová role"
51012,"OOP HOSTINNÉ",3,1000,"contact form","oop hostinné"
70217,"OOP JABLUNKOV",3,1000,"contact form","oop jablunkov"
140512,"OOP MORAVSKÝ BEROUN",3,1000,"contact form","oop moravský beroun"
180516,"OOP LIBEREC VÁPENKA",3,1000,"contact form","oop liberec vápenka"
40611,"OOP LITOMĚŘICE",3,1000,"contact form","oop litoměřice"
51016,"OOP TRUTNOV",3,1000,"contact form","oop trutnov"
30411,"OOP HORAŽĎOVICE",3,1000,"contact form","oop horažďovice"
40614,"OOP ROUDNICE NAD LABEM",3,1000,"contact form","oop roudnice nad labem"
1616,"ÚO HAVLÍČKŮV BROD",2,1000,"contact form","úo havlíčkův brod"
181116,"OOP TURNOV",3,1000,"contact form","oop turnov"
10614,"OOP MŠENO",3,1000,"contact form","oop mšeno"
70117,"OOP VRBNO POD PRADĚDEM",3,1000,"contact form","oop vrbno pod pradědem"
140520,"OOP VELKÁ BYSTŘICE",3,1000,"contact form","oop velká bystřice"
140917,"OOP ZÁBŘEH",3,1000,"contact form","oop zábřeh"
30517,"OOP PLZEŇ - STŘED",3,1000,"contact form","oop plzeň - střed"
60214,"OOP BRNO - KRÁLOVO POLE",3,1000,"contact form","oop brno - královo pole"
60211,"OOP BRNO - ŽABOVŘESKY",3,1000,"contact form","oop brno - žabovřesky"
30512,"OOP PLZEŇ 2",3,1000,"contact form","oop plzeň 2"
20517,"OOP ZVÍKOVSKÉ PODHRADÍ",3,1000,"contact form","oop zvíkovské podhradí"
410,"ÚO ÚSTÍ NAD LABEM",2,1000,"contact form","úo ústí nad labem"
1110,"MOP BARTOLOMĚJSKÁ PRAHA I.",3,1000,"contact form","mop bartolomějská praha i."
20312,"OOP JINDŘICHŮV HRADEC",3,1000,"contact form","oop jindřichův hradec"
180112,"OOP DOKSY",3,1000,"contact form","oop doksy"
180115,"OOP MIMOŇ",3,1000,"contact form","oop mimoň"
20310,"OOP DAČICE",3,1000,"contact form","oop dačice"
61811,"OOP BLANSKO",3,1000,"contact form","oop blansko"
190313,"OOP KARLOVY VARY",3,1000,"contact form","oop karlovy vary"
10610,"OOP KOSTELEC NAD LABEM",3,1000,"contact form","oop kostelec nad labem"
40912,"OOP DUCHCOV",3,1000,"contact form","oop duchcov"
304,"ÚO KLATOVY",2,1000,"contact form","úo klatovy"
70713,"OOP OSTRAVA - PŘÍVOZ",3,1000,"contact form","oop ostrava - přívoz"
70211,"OOP BRUŠPERK",3,1000,"contact form","oop brušperk"
31115,"OOP NEPOMUK",3,1000,"contact form","oop nepomuk"
20217,"OOP LIPNO",3,1000,"contact form","oop lipno"
151516,"OOP VALAŠSKÉ MEZIŘÍČÍ",3,1000,"contact form","oop valašské meziříčí"
140913,"OOP MOHELNICE",3,1000,"contact form","oop mohelnice"
40615,"OOP ŠTĚTÍ",3,1000,"contact form","oop štětí"
70720,"OOP OSTRAVA - HRABŮVKA",3,1000,"contact form","oop ostrava - hrabůvka"
60613,"OOP HODONÍN",3,1000,"contact form","oop hodonín"
30810,"OOP HRÁDEK",3,1000,"contact form","oop hrádek"
151517,"OOP VSETÍN",3,1000,"contact form","oop vsetín"
161410,"OOP BYSTŘICE NAD PERNŠTEJNEM",3,1000,"contact form","oop bystřice nad pernštejnem"
180412,"OOP RYCHNOV U JABLONCE N/NISOU",3,1000,"contact form","oop rychnov u jablonce n/nisou"
102,"ÚO BEROUN",2,1000,"contact form","úo beroun"
190211,"OOP FRANTIŠKOVY LÁZNĚ",3,1000,"contact form","oop františkovy lázně"
704,"ÚO NOVÝ JIČÍN",2,1000,"contact form","úo nový jičín"
50716,"OOP TÝNIŠTĚ NAD ORLICÍ",3,1000,"contact form","oop týniště nad orlicí"
30420,"OOP ŽELEZNÁ RUDA",3,1000,"contact form","oop železná ruda"
51015,"OOP SVOBODA NAD ÚPOU",3,1000,"contact form","oop svoboda nad úpou"
20322,"OOP SUCHDOL NAD LUŽNICÍ",3,1000,"contact form","oop suchdol nad lužnicí"
31112,"OOP KAZNĚJOV",3,1000,"contact form","oop kaznějov"
31120,"OOP ÚNĚŠOV",3,1000,"contact form","oop úněšov"
1315,"MOP BOHNICE PRAHA III.",3,1000,"contact form","mop bohnice praha iii."
170610,"OOP LÁZNĚ BOHDANEČ",3,1000,"contact form","oop lázně bohdaneč"
402,"ÚO DĚČÍN",2,1000,"contact form","úo děčín"
70318,"OOP ORLOVÁ",3,1000,"contact form","oop orlová"
40718,"OOP POSTOLOPRTY",3,1000,"contact form","oop postoloprty"
108,"ÚO NYMBURK",2,1000,"contact form","úo nymburk"
170918,"OOP SVITAVY",3,1000,"contact form","oop svitavy"
1211,"MOP VINOHRADY OŘP PRAHA II.",3,1000,"contact form","mop vinohrady ořp praha ii."
116,"ÚO PRAHA VENKOV-ZÁPAD",2,1000,"contact form","úo praha venkov-západ"
150515,"OOP OTROKOVICE",3,1000,"contact form","oop otrokovice"
20613,"OOP PRACHATICE",3,1000,"contact form","oop prachatice"
170917,"OOP POLIČKA",3,1000,"contact form","oop polička"
1422,"MOP UHŘINĚVES PRAHA IV.",3,1000,"contact form","mop uhřiněves praha iv."
10613,"OOP MĚLNÍK",3,1000,"contact form","oop mělník"
60412,"OOP HUSTOPEČE",3,1000,"contact form","oop hustopeče"
61818,"OOP SLAVKOV U BRNA",3,1000,"contact form","oop slavkov u brna"
20515,"OOP PÍSEK",3,1000,"contact form","oop písek"
10511,"OOP ZRUČ NAD SÁZAVOU",3,1000,"contact form","oop zruč nad sázavou"
161014,"OOP MORAVSKÉ BUDĚJOVICE",3,1000,"contact form","oop moravské budějovice"
12,"OŘP PRAHA II.",2,1000,"contact form","ořp praha ii."
31116,"OOP NÝŘANY",3,1000,"contact form","oop nýřany"
161015,"OOP NÁMĚŠŤ NAD OSLAVOU",3,1000,"contact form","oop náměšť nad oslavou"
1116,"MOP DEJVICE PRAHA I.",3,1000,"contact form","mop dejvice praha i."
504,"ÚO JIČÍN",2,1000,"contact form","úo jičín"
70314,"OOP HORNÍ SUCHÁ",3,1000,"contact form","oop horní suchá"
60612,"OOP DUBŇANY",3,1000,"contact form","oop dubňany"
61320,"OOP ZNOJMO",3,1000,"contact form","oop znojmo"
11216,"OOP RAKOVNÍK",3,1000,"contact form","oop rakovník"
51018,"OOP VRCHLABÍ",3,1000,"contact form","oop vrchlabí"
190311,"OOP BOCHOV",3,1000,"contact form","oop bochov"
207,"ÚO STRAKONICE",2,1000,"contact form","úo strakonice"
30414,"OOP KLATOVY",3,1000,"contact form","oop klatovy"
101,"ÚO BENEŠOV",2,1000,"contact form","úo benešov"
41010,"OOP CHLUMEC",3,1000,"contact form","oop chlumec"
20113,"OOP HLUBOKÁ NAD VLTAVOU",3,1000,"contact form","oop hluboká nad vltavou"
30416,"OOP NÝRSKO",3,1000,"contact form","oop nýrsko"
151511,"OOP HORNÍ LIDEČ",3,1000,"contact form","oop horní lideč"
31012,"OOP PLANÁ",3,1000,"contact form","oop planá"
1700,"KŘP PARDUBICKÉHO KRAJE",1,1000,"contact form","křp pardubického kraje"
10611,"OOP KRALUPY NAD VLTAVOU",3,1000,"contact form","oop kralupy nad vltavou"
161717,"OOP PELHŘIMOV",3,1000,"contact form","oop pelhřimov"
70113,"OOP KRNOV",3,1000,"contact form","oop krnov"
61312,"OOP JEVIŠOVICE",3,1000,"contact form","oop jevišovice"
20211,"OOP ČESKÝ KRUMLOV",3,1000,"contact form","oop český krumlov"
1411,"ÚO JESENÍK",2,1000,"contact form","úo jeseník"
1400,"KŘP OLOMOUCKÉHO KRAJE",1,1000,"contact form","křp olomouckého kraje"
30812,"OOP ROKYCANY",3,1000,"contact form","oop rokycany"
11618,"OOP MNÍŠEK POD BRDY",3,1000,"contact form","oop mníšek pod brdy"
10112,"OOP ČERČANY",3,1000,"contact form","oop čerčany"
31011,"OOP BOR U TACHOVA",3,1000,"contact form","oop bor u tachova"
150813,"OOP KROMĚŘÍŽ",3,1000,"contact form","oop kroměříž"
11110,"OOP BŘEZNICE",3,1000,"contact form","oop březnice"
50414,"OOP NOVÁ PAKA",3,1000,"contact form","oop nová paka"
20512,"OOP MILEVSKO",3,1000,"contact form","oop milevsko"
140813,"OOP LIPNÍK",3,1000,"contact form","oop lipník"
190919,"OOP SOKOLOV - VENKOV",3,1000,"contact form","oop sokolov - venkov"
40218,"OOP VARNSDORF",3,1000,"contact form","oop varnsdorf"
20717,"OOP VOLYNĚ",3,1000,"contact form","oop volyně"
10713,"OOP MLADÁ BOLESLAV II",3,1000,"contact form","oop mladá boleslav ii"
31113,"OOP KRALOVICE",3,1000,"contact form","oop kralovice"
40212,"OOP ČESKÁ KAMENICE",3,1000,"contact form","oop česká kamenice"
1311,"MOP ŽIŽKOV PRAHA III.",3,1000,"contact form","mop žižkov praha iii."
70612,"OOP HLUČÍN",3,1000,"contact form","oop hlučín"
1610,"ÚO TŘEBÍČ",2,1000,"contact form","úo třebíč"
60316,"OOP POHOŘELICE",3,1000,"contact form","oop pohořelice"
70411,"OOP FRENŠTÁT POD RADHOŠTĚM",3,1000,"contact form","oop frenštát pod radhoštěm"
171110,"OOP ČESKÁ TŘEBOVÁ",3,1000,"contact form","oop česká třebová"
20110,"OOP ČESKÉ BUDĚJOVICE",3,1000,"contact form","oop české budějovice"
602,"MŘ BRNO",2,1000,"contact form","mř brno"
10111,"OOP ČECHTICE",3,1000,"contact form","oop čechtice"
11413,"OOP JÍLOVÉ U PRAHY",3,1000,"contact form","oop jílové u prahy"
150810,"OOP BYSTŘICE POD HOSTÝNEM",3,1000,"contact form","oop bystřice pod hostýnem"
141213,"OOP NĚMČICE NAD HANOU",3,1000,"contact form","oop němčice nad hanou"
40214,"OOP KRÁSNÁ LÍPA",3,1000,"contact form","oop krásná lípa"
10816,"OOP PODĚBRADY",3,1000,"contact form","oop poděbrady"
190917,"OOP ROTAVA",3,1000,"contact form","oop rotava"
40915,"OOP KRUPKA",3,1000,"contact form","oop krupka"
180413,"OOP SMRŽOVKA",3,1000,"contact form","oop smržovka"
40910,"OOP BÍLINA",3,1000,"contact form","oop bílina"
11414,"OOP JESENICE",3,1000,"contact form","oop jesenice"
1811,"ÚO SEMILY",2,1000,"contact form","úo semily"
150811,"OOP HOLEŠOV",3,1000,"contact form","oop holešov"
30550,"OŽP PLZEŇ MĚSTO",3,1000,"contact form","ožp plzeň město"
60213,"OOP BRNO - ŽIDENICE",3,1000,"contact form","oop brno - židenice"
190915,"OOP KYNŠPERK NAD OHŘÍ",3,1000,"contact form","oop kynšperk nad ohří"
20116,"OOP LIŠOV",3,1000,"contact form","oop lišov"
180521,"OOP NOVÉ MĚSTO POD SMRKEM",3,1000,"contact form","oop nové město pod smrkem"
202,"ÚO ČESKÝ KRUMLOV",2,1000,"contact form","úo český krumlov"
10114,"OOP SÁZAVA",3,1000,"contact form","oop sázava"
613,"ÚO ZNOJMO",2,1000,"contact form","úo znojmo"
1614,"ÚO ŽĎÁR NAD SÁZAVOU",2,1000,"contact form","úo žďár nad sázavou"
1505,"ÚO ZLÍN",2,1000,"contact form","úo zlín"
190310,"OOP BEČOV NAD TEPLOU",3,1000,"contact form","oop bečov nad teplou"
190912,"OOP HORNÍ SLAVKOV",3,1000,"contact form","oop horní slavkov"
140514,"OOP LUTÍN",3,1000,"contact form","oop lutín"
20513,"OOP ČIMELICE",3,1000,"contact form","oop čimelice"
1212,"MOP KOŠÍŘE OŘP PRAHA II.",3,1000,"contact form","mop košíře ořp praha ii."
1214,"MOP BARRANDOV OŘP PRAHA II.",3,1000,"contact form","mop barrandov ořp praha ii."
190321,"OOP TOUŽIM",3,1000,"contact form","oop toužim"
60218,"OOP BRNO - VÝSTAVIŠTĚ",3,1000,"contact form","oop brno - výstaviště"
1405,"ÚO OLOMOUC",2,1000,"contact form","úo olomouc"
141111,"OOP JAVORNÍK",3,1000,"contact form","oop javorník"
1411,"MOP LHOTKA PRAHA IV.",3,1000,"contact form","mop lhotka praha iv."
10413,"OOP KOUŘIM",3,1000,"contact form","oop kouřim"
190215,"OOP MARIÁNSKÉ LÁZNĚ",3,1000,"contact form","oop mariánské lázně"
10812,"OOP MĚSTEC KRÁLOVÉ",3,1000,"contact form","oop městec králové"
1409,"ÚO ŠUMPERK",2,1000,"contact form","úo šumperk"
70711,"OOP OSTRAVA - MARIÁNSKÉ HORY",3,1000,"contact form","oop ostrava - mariánské hory"
502,"ÚO HRADEC KRÁLOVÉ",2,1000,"contact form","úo hradec králové"
180515,"OOP LIBEREC-CENTRUM",3,1000,"contact form","oop liberec-centrum"
10410,"OOP ČESKÝ BROD",3,1000,"contact form","oop český brod"
40819,"OOP MOST ZAHRADNÍ",3,1000,"contact form","oop most zahradní"
70618,"OOP VELKÉ HERALTICE",3,1000,"contact form","oop velké heraltice"
50415,"OOP SOBOTKA",3,1000,"contact form","oop sobotka"
151512,"OOP JABLŮNKA",3,1000,"contact form","oop jablůnka"
151112,"OOP BUCHLOVICE",3,1000,"contact form","oop buchlovice"
11112,"OOP DOBŘÍŠ",3,1000,"contact form","oop dobříš"
1113,"MOP MŮSTEK PRAHA I.",3,1000,"contact form","mop můstek praha i."
1412,"ÚO PROSTĚJOV",2,1000,"contact form","úo prostějov"
50211,"OOP HRADEC KRÁLOVÉ 2",3,1000,"contact form","oop hradec králové 2"
150512,"OOP ZLÍN",3,1000,"contact form","oop zlín"
702,"ÚO FRÝDEK-MÍSTEK",2,1000,"contact form","úo frýdek-místek"
70321,"OOP HAVÍŘOV 3",3,1000,"contact form","oop havířov 3"
70312,"OOP HAVÍŘOV 1",3,1000,"contact form","oop havířov 1"
10810,"OOP KŘINEC",3,1000,"contact form","oop křinec"
20716,"OOP VODŇANY",3,1000,"contact form","oop vodňany"
40814,"OOP MOST",3,1000,"contact form","oop most"
1119,"MOP RUZYNĚ PRAHA I.",3,1000,"contact form","mop ruzyně praha i."
11510,"OOP BRANDÝS/LABEM-STARÁ BOLESLAV",3,1000,"contact form","oop brandýs/labem-stará boleslav"
180111,"OOP ČESKÁ LÍPA",3,1000,"contact form","oop česká lípa"
40321,"OOP CHOMUTOV KAMENNÁ",3,1000,"contact form","oop chomutov kamenná"
103,"ÚO KLADNO",2,1000,"contact form","úo kladno"
11412,"OOP ČESTLICE",3,1000,"contact form","oop čestlice"
180518,"OOP LIBEREC VESEC",3,1000,"contact form","oop liberec vesec"
140513,"OOP LITOVEL",3,1000,"contact form","oop litovel"
41016,"OOP VŠEBOŘICE",3,1000,"contact form","oop všebořice"
1515,"ÚO VSETÍN",2,1000,"contact form","úo vsetín"
10612,"OOP LUŽEC NAD VLTAVOU",3,1000,"contact form","oop lužec nad vltavou"
11115,"OOP MILÍN",3,1000,"contact form","oop milín"
190314,"OOP KARLOVY VARY - RYBÁŘE",3,1000,"contact form","oop karlovy vary - rybáře"
151513,"OOP KAROLINKA",3,1000,"contact form","oop karolinka"
51019,"OOP PEC POD SNĚŽKOU",3,1000,"contact form","oop pec pod sněžkou"
150517,"OOP VALAŠSKÉ KLOBOUKY",3,1000,"contact form","oop valašské klobouky"
70414,"OOP NOVÝ JIČÍN",3,1000,"contact form","oop nový jičín"
507,"ÚO RYCHNOV NAD KNĚŽNOU",2,1000,"contact form","úo rychnov nad kněžnou"
41013,"OOP ÚSTÍ N/LABEM - MĚSTO",3,1000,"contact form","oop ústí n/labem - město"
70416,"OOP PŘÍBOR",3,1000,"contact form","oop příbor"
10813,"OOP MILOVICE",3,1000,"contact form","oop milovice"
50410,"OOP HOŘICE",3,1000,"contact form","oop hořice"
40817,"OOP LITVÍNOV HAMR",3,1000,"contact form","oop litvínov hamr"
30418,"OOP SUŠICE",3,1000,"contact form","oop sušice"
50710,"OOP DOBRUŠKA",3,1000,"contact form","oop dobruška"
600,"KŘP JIHOMORAVSKÉHO KRAJE",1,1000,"contact form","křp jihomoravského kraje"
50512,"OOP ČESKÁ SKALICE",3,1000,"contact form","oop česká skalice"
70619,"OOP VÍTKOV",3,1000,"contact form","oop vítkov"
161013,"OOP JEMNICE",3,1000,"contact form","oop jemnice"
30112,"OOP HOLÝŠOV",3,1000,"contact form","oop holýšov"
10515,"OOP UHLÍŘSKÉ JANOVICE",3,1000,"contact form","oop uhlířské janovice"
105,"ÚO KUTNÁ HORA",2,1000,"contact form","úo kutná hora"
60415,"OOP MIKULOV",3,1000,"contact form","oop mikulov"
10214,"OOP KRÁLŮV DVŮR",3,1000,"contact form","oop králův dvůr"
100,"KŘP STŘEDOČESKÉHO KRAJE",1,1000,"contact form","křp středočeského kraje"
1508,"ÚO KROMĚŘÍŽ",2,1000,"contact form","úo kroměříž"
31015,"OOP KONSTANTINOVY LÁZNĚ",3,1000,"contact form","oop konstantinovy lázně"
170615,"OOP CHVALETICE",3,1000,"contact form","oop chvaletice"
112,"ÚO RAKOVNÍK",2,1000,"contact form","úo rakovník"
20810,"OOP BECHYNĚ",3,1000,"contact form","oop bechyně"
1112,"MOP MALÁ STRANA PRAHA I.",3,1000,"contact form","mop malá strana praha i."
170616,"OOP PŘELOUČ",3,1000,"contact form","oop přelouč"
409,"ÚO TEPLICE",2,1000,"contact form","úo teplice"
190318,"OOP OSTROV",3,1000,"contact form","oop ostrov"
10416,"OOP TÝNEC NAD LABEM",3,1000,"contact form","oop týnec nad labem"
51017,"OOP ÚPICE",3,1000,"contact form","oop úpice"
10618,"OOP HORNÍ POČÁPLY",3,1000,"contact form","oop horní počáply"
61812,"OOP BOSKOVICE",3,1000,"contact form","oop boskovice"
205,"ÚO PÍSEK",2,1000,"contact form","úo písek"
1903,"ÚO KARLOVY VARY",2,1000,"contact form","úo karlovy vary"
703,"ÚO KARVINÁ",2,1000,"contact form","úo karviná"
20815,"OOP MLADÁ VOŽICE",3,1000,"contact form","oop mladá vožice"
1408,"ÚO PŘEROV",2,1000,"contact form","úo přerov"
20323,"OOP TŘEBOŇ",3,1000,"contact form","oop třeboň"
707,"MŘP OSTRAVA",2,1000,"contact form","mřp ostrava"
140811,"OOP HRANICE",3,1000,"contact form","oop hranice"
40310,"OOP BŘEZNO",3,1000,"contact form","oop březno"
10118,"OOP VLAŠIM",3,1000,"contact form","oop vlašim"
150812,"OOP HULÍN",3,1000,"contact form","oop hulín"
1617,"ÚO PELHŘIMOV",2,1000,"contact form","úo pelhřimov"
30514,"OOP PLZEŇ - SKVRŇANY",3,1000,"contact form","oop plzeň - skvrňany"
200,"KŘP JIHOČESKÉHO KRAJE",1,1000,"contact form","křp jihočeského kraje"
180416,"OOP ŽELEZNÝ BROD",3,1000,"contact form","oop železný brod"
190913,"OOP CHODOV",3,1000,"contact form","oop chodov"
1709,"ÚO SVITAVY",2,1000,"contact form","úo svitavy"
10717,"OOP MLADÁ BOLESLAV",3,1000,"contact form","oop mladá boleslav"
1114,"MOP KRAKOVSKÁ PRAHA I.",3,1000,"contact form","mop krakovská praha i."
180520,"OOP HRÁDEK NAD NISOU",3,1000,"contact form","oop hrádek nad nisou"
1412,"MOP PODOLÍ PRAHA IV.",3,1000,"contact form","mop podolí praha iv."
140523,"OOP OLOMOUC 3",3,1000,"contact form","oop olomouc 3"
61817,"OOP BUČOVICE",3,1000,"contact form","oop bučovice"
140516,"OOP OLOMOUC 1",3,1000,"contact form","oop olomouc 1"
151118,"OOP UHERSKÝ OSTROH",3,1000,"contact form","oop uherský ostroh"
140524,"OOP OLOMOUC 4",3,1000,"contact form","oop olomouc 4"
1711,"ÚO ÚSTÍ NAD ORLICÍ",2,1000,"contact form","úo ústí nad orlicí"
11422,"OOP HRADIŠŤKO",3,1000,"contact form","oop hradišťko"
171118,"OOP LETOHRAD",3,1000,"contact form","oop letohrad"
20315,"OOP NOVÁ BYSTŘICE",3,1000,"contact form","oop nová bystřice"
1213,"MOP SMÍCHOV OŘP PRAHA II.",3,1000,"contact form","mop smíchov ořp praha ii."
60617,"OOP VESELÍ NAD MORAVOU",3,1000,"contact form","oop veselí nad moravou"
10412,"OOP KOSTELEC NAD ČERNÝMI LESY",3,1000,"contact form","oop kostelec nad černými lesy"
170312,"OOP CHRAST",3,1000,"contact form","oop chrast"
10817,"OOP SADSKÁ",3,1000,"contact form","oop sadská"
171115,"OOP ÚSTÍ NAD ORLICÍ",3,1000,"contact form","oop ústí nad orlicí"
161716,"OOP PACOV",3,1000,"contact form","oop pacov"
1115,"MOP BŘEVNOV PRAHA I.",3,1000,"contact form","mop břevnov praha i."
206,"ÚO PRACHATICE",2,1000,"contact form","úo prachatice"
10718,"OOP MNICHOVO HRADIŠTĚ",3,1000,"contact form","oop mnichovo hradiště"
180110,"OOP CVIKOV",3,1000,"contact form","oop cvikov"
1150,"MOP MASARYKOVO N. PRAHA I",3,1000,"contact form","mop masarykovo n. praha i"
40219,"OOP VELKÝ ŠENOV",3,1000,"contact form","oop velký šenov"
171111,"OOP CHOCEŇ",3,1000,"contact form","oop choceň"
190210,"OOP AŠ",3,1000,"contact form","oop aš"
1804,"ÚO JABLONEC NAD NISOU",2,1000,"contact form","úo jablonec nad nisou"
41015,"OOP TRMICE",3,1000,"contact form","oop trmice"
40918,"OOP TEPLICE",3,1000,"contact form","oop teplice"
140916,"OOP VELKÉ LOSINY",3,1000,"contact form","oop velké losiny"
20120,"OOP TÝN NAD VLTAVOU",3,1000,"contact form","oop týn nad vltavou"
50514,"OOP JAROMĚŘ",3,1000,"contact form","oop jaroměř"
151515,"OOP ROŽNOV POD RADHOŠTĚM",3,1000,"contact form","oop rožnov pod radhoštěm"
31110,"OOP BLOVICE",3,1000,"contact form","oop blovice"
300,"KŘP PLZEŇSKÉHO KRAJE",1,1000,"contact form","křp plzeňského kraje"
50714,"OOP RYCHNOV NAD KNĚŽNOU",3,1000,"contact form","oop rychnov nad kněžnou"
10615,"OOP NERATOVICE",3,1000,"contact form","oop neratovice"
1251,"MOP SMÍCHOVSKÉ NÁDRAŽÍ",3,1000,"contact form","mop smíchovské nádraží"
1151,"MOP HOLEŠOVICKÉ N. PRAHA I",3,1000,"contact form","mop holešovické n. praha i"
701,"ÚO BRUNTÁL",2,1000,"contact form","úo bruntál"
505,"ÚO NÁCHOD",2,1000,"contact form","úo náchod"
31013,"OOP STŘÍBRO",3,1000,"contact form","oop stříbro"
20111,"OOP ČTYŘI DVORY",3,1000,"contact form","oop čtyři dvory"
70110,"OOP BRUNTÁL",3,1000,"contact form","oop bruntál"
20711,"OOP BLATNÁ",3,1000,"contact form","oop blatná"
170916,"OOP MORAVSKÁ TŘEBOVÁ",3,1000,"contact form","oop moravská třebová"
180510,"OOP ČESKÝ DUB",3,1000,"contact form","oop český dub"
61816,"OOP LETOVICE",3,1000,"contact form","oop letovice"
70116,"OOP RÝMAŘOV",3,1000,"contact form","oop rýmařov"
20213,"OOP HORNÍ PLANÁ",3,1000,"contact form","oop horní planá"
500,"KŘP KRÁLOVÉHRADECKÉHO KRAJE",1,1000,"contact form","křp královéhradeckého kraje"
1322,"MOP LETŇANY PRAHA III.",3,1000,"contact form","mop letňany praha iii."
181118,"OOP HARRACHOV",3,1000,"contact form","oop harrachov"
1419,"MOP VRŠOVICE PRAHA IV.",3,1000,"contact form","mop vršovice praha iv."
40812,"OOP LITVÍNOV",3,1000,"contact form","oop litvínov"
14,"OŘP PRAHA IV.",2,1000,"contact form","ořp praha iv."
203,"ÚO JINDŘICHŮV HRADEC",2,1000,"contact form","úo jindřichův hradec"
40319,"OOP VEJPRTY",3,1000,"contact form","oop vejprty"
141216,"OOP PROSTĚJOV 2",3,1000,"contact form","oop prostějov 2"
141215,"OOP PROSTĚJOV 1",3,1000,"contact form","oop prostějov 1"
60212,"OOP BRNO - SEVER",3,1000,"contact form","oop brno - sever"
1216,"MOP STODŮLKY OŘP PRAHA II.",3,1000,"contact form","mop stodůlky ořp praha ii."
40312,"OOP JIRKOV",3,1000,"contact form","oop jirkov"
180411,"OOP JABLONEC N/NISOU MŠENO",3,1000,"contact form","oop jablonec n/nisou mšeno"
40313,"OOP KADAŇ",3,1000,"contact form","oop kadaň"
70417,"OOP STUDÉNKA",3,1000,"contact form","oop studénka"
70320,"OOP DĚTMAROVICE",3,1000,"contact form","oop dětmarovice"
115,"ÚO PRAHA VENKOV-VÝCHOD",2,1000,"contact form","úo praha venkov-východ"
10811,"OOP LYSÁ NAD LABEM",3,1000,"contact form","oop lysá nad labem"
30516,"OOP PLZEŇ - VINICE",3,1000,"contact form","oop plzeň - vinice"
180526,"OOP HODKOVICE NAD MOHELKOU",3,1000,"contact form","oop hodkovice nad mohelkou"
140522,"OOP OLOMOUC 2",3,1000,"contact form","oop olomouc 2"
190312,"OOP JÁCHYMOV",3,1000,"contact form","oop jáchymov"
190918,"OOP SOKOLOV",3,1000,"contact form","oop sokolov"
1417,"MOP PANKRÁC PRAHA IV.",3,1000,"contact form","mop pankrác praha iv."
706,"ÚO OPAVA",2,1000,"contact form","úo opava"
10317,"OOP SLANÝ",3,1000,"contact form","oop slaný"
70213,"OOP NOŠOVICE",3,1000,"contact form","oop nošovice"
20817,"OOP SOBĚSLAV",3,1000,"contact form","oop soběslav"
181114,"OOP SEMILY",3,1000,"contact form","oop semily"
606,"ÚO HODONÍN",2,1000,"contact form","úo hodonín"
190319,"OOP PERNINK",3,1000,"contact form","oop pernink"
150513,"OOP LUHAČOVICE",3,1000,"contact form","oop luhačovice"
60216,"OOP BRNO - KOMÁROV",3,1000,"contact form","oop brno - komárov"
10411,"OOP KOLÍN",3,1000,"contact form","oop kolín"
311,"ÚO PLZEŇ - VENKOV",2,1000,"contact form","úo plzeň - venkov"
161420,"OOP ŽĎÁR NAD SÁZAVOU",3,1000,"contact form","oop žďár nad sázavou"
171116,"OOP VYSOKÉ MÝTO",3,1000,"contact form","oop vysoké mýto"
31014,"OOP TACHOV",3,1000,"contact form","oop tachov"
161612,"OOP HAVLÍČKŮV BROD",3,1000,"contact form","oop havlíčkův brod"
1314,"MOP LIBEŇ PRAHA III.",3,1000,"contact form","mop libeň praha iii."
70114,"OOP MĚSTO ALBRECHTICE",3,1000,"contact form","oop město albrechtice"
60410,"OOP BŘECLAV",3,1000,"contact form","oop břeclav"
11119,"OOP PŘÍBRAM",3,1000,"contact form","oop příbram"
50215,"OOP NOVÝ BYDŽOV",3,1000,"contact form","oop nový bydžov"
50411,"OOP JIČÍN",3,1000,"contact form","oop jičín"
70413,"OOP KOPŘIVNICE",3,1000,"contact form","oop kopřivnice"
1420,"MOP STRAŠNICE PRAHA IV.",3,1000,"contact form","mop strašnice praha iv."
140812,"OOP KOJETÍN",3,1000,"contact form","oop kojetín"
150514,"OOP NAPAJEDLA",3,1000,"contact form","oop napajedla"
11211,"OOP HOŘESEDLY",3,1000,"contact form","oop hořesedly"
1410,"MOP MODŘANY PRAHA IV.",3,1000,"contact form","mop modřany praha iv."
70716,"OOP OSTRAVA - VÍTKOVICE",3,1000,"contact form","oop ostrava - vítkovice"
10213,"OOP KARLŠTEJN",3,1000,"contact form","oop karlštejn"
603,"ÚO BRNO - VENKOV",2,1000,"contact form","úo brno - venkov"
70715,"OOP OSTRAVA - STŘED",3,1000,"contact form","oop ostrava - střed"
51020,"OOP ŠPINDLERŮV MLÝN",3,1000,"contact form","oop špindlerův mlýn"
1312,"MOP KARLÍN PRAHA III.",3,1000,"contact form","mop karlín praha iii."
170621,"OOP PARDUBICE 4",3,1000,"contact form","oop pardubice 4"
30811,"OOP RADNICE",3,1000,"contact form","oop radnice"
170614,"OOP PARDUBICE 2",3,1000,"contact form","oop pardubice 2"
170619,"OOP PARDUBICE 3",3,1000,"contact form","oop pardubice 3"
170613,"OOP PARDUBICE 1",3,1000,"contact form","oop pardubice 1"
1706,"ÚO PARDUBICE",2,1000,"contact form","úo pardubice"
141112,"OOP ZLATÉ HORY",3,1000,"contact form","oop zlaté hory"
70319,"OOP PETŘVALD",3,1000,"contact form","oop petřvald"
160713,"OOP POLNÁ",3,1000,"contact form","oop polná"
180120,"OOP ŽANDOV",3,1000,"contact form","oop žandov"
10711,"OOP BĚLÁ POD BEZDĚZEM",3,1000,"contact form","oop bělá pod bezdězem"
1414,"MOP NUSLE PRAHA IV.",3,1000,"contact form","mop nusle praha iv."
60615,"OOP STRÁŽNICE",3,1000,"contact form","oop strážnice"
30115,"OOP POBĚŽOVICE",3,1000,"contact form","oop poběžovice"
40213,"OOP DĚČÍN - PODMOKLY",3,1000,"contact form","oop děčín - podmokly"
30419,"OOP ŠVIHOV",3,1000,"contact form","oop švihov"
10211,"OOP HOŘOVICE",3,1000,"contact form","oop hořovice"
50412,"OOP KOPIDLNO",3,1000,"contact form","oop kopidlno"
1900,"KŘP KARLOVARSKÉHO KRAJE",1,1000,"contact form","křp karlovarského kraje"
201,"ÚO ČESKÉ BUDĚJOVICE",2,1000,"contact form","úo české budějovice"
174150,"ICP LETIŠTĚ PARDUBICE",3,1000,"contact form","icp letiště pardubice"
74170,"ICP LETIŠTĚ MOŠNOV",3,1000,"contact form","icp letiště mošnov"
64160,"ICP LETIŠTĚ TUŘANY",3,1000,"contact form","icp letiště tuřany"
4110,"ICP LETIŠTĚ RUZYNĚ",3,1000,"contact form","icp letiště ruzyně"
194130,"ICP LETIŠTĚ KARLOVY VARY",3,1000,"contact form","icp letiště karlovy vary"
0,"Česká republika",3,1000,"contact formJa","česká republika"
