Kod,ÚTVAR,ADRESA,TELEFON,FAX,EMAIL
0000,Krajské ředitelství policie hlavního města Prahy,"Kongresová 1666/2, 140 21 Praha 4",974821111,974825275,phars@mvcr.cz
0011,"Územní odbor Praha I (obvody 1,6,7)","Bartolomějská 312/6, 110 00 Praha 1",974821111,974825275,orkrpi@mvcr.cz 
001110,MOP Bartolomějská,"Bartolomějská 347/14, 110 00 Praha 1",974851700,974851708,p1mopbar@mvcr.cz
001111,MOP Benediktská,"Benediktská 692/1, 110 00  Praha 1 ",974889210,974889221,p1mopben@mvcr.cz
001112,MOP Malá Strana,"Vlašská 362/3, 110 00 Praha 1",974851730,974851738,p1mopmal@mvcr.cz
001113,MOP Můstek,"Jungmannovo nám. 771/9, 110 00 Praha 1",974851750,974851758,p1mopmus@mvcr.cz
001114,MOP Krakovská,"Krakovská 1432/11, 110 00 Praha 1",974851720,974851728,p1mopkra@mvcr.cz
001115,MOP Břevnov,"Ve Střešovičkách 1990/55, 160 00 Praha 6",974856700,974856708,p1mopbre@mvcr.cz
001116,MOP Dejvice,"Pelléova 1050/21, 160 00 Praha 6",974856740,974856748,p1mopdej@mvcr.cz
001117,MOP Vokovice,"Arabská 782/16, 160 00 Praha 6",974856710,974856718,orkrpI@mvcr.cz 
001118,MOP Řepy,"Makovského 1349/13, 160 00 Praha 6",974856720,974856728,p1moprep@mvcr.cz
001119,MOP Ruzyně,"Aviatická 1050/16, 160 00 Praha 6",974856600,974856608,p1mopruz@mvcr.cz
001120,MOP Holešovice,"Přístavní 1245/41, 170 00 Praha 7",974857710,974857718,p1mophol@mvcr.cz
001121,MOP Letná,"Fr. Křížka 735/24, 170 00 Praha 7",974857700,974857708,p1mopltn@mvcr.cz
001122,MOP Výstaviště,"Výstaviště 67 - budova J, 170 00 Praha 7",974857720,974857728,p1mopvst@mvcr.cz
001150,MOP Masarykovo nádraží,"Havlíčkova 1014/2, 110 00  Praha 1 ",974851740,974851748,p1ozpmas@mvcr.cz 
001151,MOP Holešovické nádraží,"Partyzánská 1546/26, 170 00  Praha 7 ",974857730,974857738,p1ozphol@mvcr.cz 
0012,"Územní odbor Praha II (obvody 2,5)","Sokolská 1799/38, 120 00 Praha 2",974852111,974852458,or2kr@mvcr.cz
001210,MOP Nové Město,"Vyšehradská  1711/20, 120 00 Praha 2",974852710,974852718,p2mopnov@mvcr.cz
001211,MOP Vinohrady,"Šafaříkova 607/12, 120 00 Praha 2",974852720,974852728,p2mopvin@mvcr.cz
001212,MOP Košíře,"Běhounkova 2301/19, 158 00 Praha 5",974855710,974855718,p2mopkos@mvcr.cz
001213,MOP Smíchov,"Na Bělidle 272/5, 150 00 Praha 5",974855700,974855708,p2mopsmi@mvcr.cz 
001214,MOP Barrandov,"Werichova 981/21, 152 00 Praha 5",974855720,974855728,p2mopbrn@mvcr.cz
001215,MOP Radotín,"Výpadová 1335, 153 00 Praha 5",974855730,974855738,p2moprad@mvcr.cz
001216,MOP Stodůlky,"Mukařovského 1985/5, 155 00 Praha 5",974855740,974855748,p2mopsto@mvcr.cz
001217,MOP Zličín,"Strojírenská 386/12, 150 00 Praha 5",974855770,974855778,p2mopzli@mvcr.cz
001250,MOP Wilsonovo nádraží,"Wilsonova třída 300/8, 120 00  Praha 2 ",974852740,974852748,p2opzpwils@mvcr.cz 
001251,MOP Smíchovské nádraží,"Nádražní 279/1, 150 05  Praha 5 ",974855750,257322349,p2ozpsmi@mvcr.cz 
0013,"Územní odbor Praha III (obvody 3,8,9)","Trousilova 1121/3, 182 00 Praha 8",974858229,974858228,redp13@mvcr.cz 
001310,MOP Jarov,"Koněvova 2743/103, 130 00 Praha 3",974853700,974853708,p3mopjar@mvcr.cz
001311,MOP Žižkov,"Lipanská 190/16, 130 72 Praha 3",974853710,974853718,p3mopziz@mvcr.cz
001312,MOP Karlín,"Vítkova 266/16, 186 00 Praha 8",974858710,974858883,p3mopkar@mvcr.cz
001313,MOP Kobylisy,"Zenklova 91/225, 182 00 Praha 8",974858720,974858728,p3mopkob@mvcr.cz
001314,MOP Libeň,"Zenklova 212/17, 180 00 Praha 8",974858700,974858708,p3moplib@mvcr.cz
001315,MOP Bohnice,"Lodžská 750/5, 181 00 Praha 8",974858730,974858738,p3mopboh@mvcr.cz
001316,MOP Ďáblice,"Bojasova 1242/1, 182 00 Praha 8",974858740,974858748,p3mopdab@mvcr.cz
001317,MOP Čakovice,"Cukrovarská 230/1, 196 00 Praha 9",974859740,974859748,p3mopcak@mvcr.cz
001318,MOP Kyje,"Bryksova 817/50, 198 00 Praha 9",974859720,974859728,p3mopkyj@mvcr.cz
001319,MOP Prosek,"Bohušovická 485/10, 190 00 Praha 9",974859730,974859738,p3moppro@mvcr.cz
001320,MOP Vysočany,"Ocelářská 1360/33, 190 00 Praha 9",974859710,974859718,p3mopvys@mvcr.cz
001321,MOP Horní Počernice,"Náchodská 2032/115 , 193 00 Praha 9",974859750,974859750,p3moppoc@mvcr.cz
001322,MOP Letňany,"Bechyňská 639, 199 00 Praha 9",974859760,974859768,p3moplty@mvcr.cz
001323,MOP Újezd nad Lesy,"Hulická 2620, 190 16 Praha 9",974859770,281973124,p3mopuje@mvcr.cz
0014,"Územní odbor Praha IV (obvody 4,10)","U plynárny 972/2, 145 04 Praha 4",974854220,974854218,orppraha4@mvcr.cz 
001410,MOP Modřany,"Soukalova 3408/1, 143 00 Praha 4",974854730,974854738,orp4zrup@mvcr.cz 
001411,MOP Lhotka,"Durychova 671/40, 142 00 Praha 4",974854720,974854728,p4moplho@mvcr.cz
001412,MOP Podolí,"Milevská 875/4, 140 00 Praha 4",974854600,974854608,p4moppod@mvcr.cz
001413,MOP Spořilov,"Bojanovická 2848/1, 141 00 Praha 4",974854760,974854768,p4mopspo@mvcr.cz
001414,MOP Nusle,"Svatoslavova 288/10, 145 00 Praha 4",974854740,974854748,orp4zrup@mvcr.cz 
001415,MOP Jižní Město,"Kaplanova 2056/6, 148 00 Praha 4",974887700,974887708,p4mopjm1@mvcr.cz
001417,MOP Pankrác,"Na Pankráci 403/9, 140 00 Praha 4",974854750,974854758,p4moppan@mvcr.cz
001418,MOP Hostivař,"Milánská 419, 109 00 Praha 10",974860720,974860728,orp4zrup@mvcr.cz 
001419,MOP Vršovice,"Přípotoční 300/12, 101 33 Praha 10",974860700,974860708,p4mopvrs@mvcr.cz
001420,MOP Strašnice,"V zátočce 42/1, 100 00 Praha 10",974860730,974860738,p4mopstr@mvcr.cz
001421,MOP Zahradní Město,"Jabloňová 3000/15, 106 00 Praha 10",974860740,974860748,p4mopzah@mvcr.cz
001422,MOP Uhříněves,"Nové náměstí 1432/21, 104 00  Praha 10 ",974860710,974860718,p4mopuhrineves@mvcr.cz 
0100,Krajské ředitelství policie Středočeského kraje,"Na Baních 1535, 156 64 Praha 5 - Zbraslav",974861229,974861465,stckraj@mvcr.cz
0101,Územní odbor Benešov,"Čechova 1996, 256 01 Benešov",974871111,974870735,krpstc.or.benesov@mvcr.cz
010110,OOP Benešov,"Jiráskova 993, 256 01 Benešov",974871700,974870747,krpstc.oo.benesov@mvcr.cz
010111,OOP Čechtice,"nám. Dr. Tyrše 332, 257 65 Čechtice",974871710,974870752,krpstc.oo.cechtice@mvcr.cz
010112,OOP Čerčany,"Sokolská 200, 257 22 Čerčany",974871720,974870748,krpstc.oo.cercany@mvcr.cz
010114,OOP Sázava,"Tyršovo nábřeží 132, 285 06 Sázava",974871730,974870751,krpstc.oo.sazava@mvcr.cz
010117,OOP Týnec nad Sázavou,"Sadová 154, 257 41 Týnec nad Sázavou",974871740,974870746,krpstc.or.benesov@mvcr.cz
010118,OOP Vlašim,"J. Masaryka 475, 258 01 Vlašim",974871750,974871750,krpstc.oo.vlasim@mvcr.cz
010119,OOP Votice,"Riegrova 378, 259 01 Votice",974871760,974870749,krpstc.oo.votice@mvcr.cz
0102,Územní odbor Beroun,"Tyršova 1635, 266 50 Beroun",974872111,974870705,orbe@mvcr.cz
010210,OOP Beroun,"Tyršova 1635, 266 50 Beroun",974872700,974870710, be.oo.beroun@pcr.cz
010211,OOP Hořovice,"Pražská 988/35, 268 01 Hořovice",974872710,974870712,beoophor@mvcr.cz
010213,OOP Karlštejn,"Karlštejn 62, 267 18 Beroun",974872720,974870713,beoopkarl@mvcr.cz
010214,OOP Králův Dvůr,"5. května 36, 267 01 Králův Dvůr",974872740,974870714,beoopdvur@mvcr.cz
010216,OOP Zdice,"Husova 225, 267 51 Zdice",974872730,974870711,beoopzdice@mvcr.cz
0103,Územní odbor Kladno,"Havířská 632, 266 50 Beroun",974873111,974870685,krpstc.uo.kladno@mvcr.cz
010311,OOP Kladno Kročehlavy,"Kosmonautů 2117, 272 08 Kladno",974873568,974870697,krpstc.oo.krocehlavy@mvcr.cz
010314,OOP Kladno město,"nám. Edvarda Beneše 1613, 272 53 Kladno",974873500,974870695,krpstc.uo.kladno@mvcr.cz
010317,OOP Slaný,"Fričova 199, 274 01 Slaný",974873811,974870701,krpstc.uo.kladno@mvcr.cz
010319,OOP Stochov,"Jaroslava Šípka 486, 273 03 Stochov",974873573,974870698,krpstc.uo.kladno@mvcr.cz
010320,OOP Kladno-venkov,"28. října 312, 273 09 Kladno",974873561,974870696,krpstc.oo.kladno.ven@mvcr.cz
010321,OOP Unhošť,"Pražská 864, 273 51 Unhošť",974873574,974870699,krpstc.oo.unhost@mvcr.cz
010322,OOP Zlonice,"Dvořákova 425, 273 71 Zlonice",974873578,974870700,krpstc.uo.kladno@mvcr.cz
0104,Územní odbor Kolín,"K Dílnám 684, 280 66 Kolín IV",974874111,974870655,krpstc.uovs.kolin@mvcr.cz 
010410,OOP Český Brod,"Husovo náměstí 65, 282 44 Český Brod",974874700,974870663,krpstc.uovs.kolin@mvcr.cz
010411,OOP Kolín,"Kutnohorská 180, 280 02 Kolín",974874710,974870664,krpstc.oo.kolin@mvcr.cz
010412,OOP Kostelec nad Černými Lesy,"Kutnohorská 27, 281 63 Kostelec nad Černými lesy",974874720,974870665,krpstc.uovs.kolin@mvcr.cz
010413,OOP Kouřim,"Na Barborce 662, 281 61 Kouřim",974874730,974870666,krpstc.uovs.kolin@mvcr.cz
010416,OOP Týnec nad Labem,"Flosova 498, 281 26 Týnec nad Labem",974874750,974870668,krpstc.oo.tynec.n.l@mvcr.cz
010418,OOP Pečky,"Švermova 674, 289 11 Pečky",974874740,974870667,krpstc.oo.pecky@mvcr.cz
0105,Územní odbor Kutná Hora,"Na náměstí 412, 284 29 Kutná Hora",974875227,970870671,krpstc.or.kh@mvcr.cz
010510,Čáslav,"Dusíkova 77, 286 01 Čáslav",974875710,974870678, krpstc.or.kh@mvcr.cz
010511,Zruč nad Sázavou,"5. května 510, 285 22 Zruč nad Sázavou",974875740,974870681, krpstc.oo.zruc.n.s@mvcr.cz
010512,Kutná Hora,"Komenského náměstí 6, 284 29 Kutná Hora",974875700,974870677,krpstc.oo.kh@mvcr.cz
010515,Uhlířské Janovice,"Kolínská 269, 285 04 Uhlířské Janovice",974875720,974870680,krpstc.oo.ujanovice@mvcr.cz
010517,Zbraslavice,"Zbraslavice 189, 285 21",974875730,974870679,krpstc.oo.zbraslavice@mvcr.cz
0106,Územní odbor Mělník,"Bezručova 2796, 276 01 Mělník",974876111,974870601,krpstc.uome@mvcr.cz      
010610,OOP Kostelec nad Labem,"Neratovická 238, 277 13 Kostelec nad Labem",974876720,nemají,krpstc.ookost@mvcr.cz
010611,OOP Kralupy nad Vltavou,"Lutovítova 593, 278 01 Kralupy nad Vltavou",974876710,974870612,krpstc.ookral@mvcr.cz
010612,OOP Lužec nad Vltavou,"9. května 112, 277 06 Lužec nad Vltavou",974876770,974870618, krpstc.ooluzec@mvcr.cz
010613,OOP Mělník,"Bezručova 2796, 276 01 Mělník",974876700,974870611,krpstc.oome@mvcr.cz
010614,OOP Mšeno,"Boleslavská 327, 277 35 Mšeno",974876750,nemají,krpstc.oomseno@mvcr.cz
010615,OOP Neratovice,"5. května 205, 277 11 Neratovice",974876740,974870613,krpstc.oonera@mvcr.cz
010617,OOP Vojkovice,"Vojkovice 23, 277 44 Vojkovice",974876730,nemají,krpstc.oovojk@mvcr.cz
010618,OOP Horní Počaply,"Horní Počaply 252, 277 03 Horní Počaply",974876760,nemají,krpstc.oopocap@mvcr.cz
0107,Územní odbor Mladá Boleslav,"Boleslavská 1164, 293 06 Kosmonosy",974877111,974870641,krpstc.uo.podatelna.mb@mvcr.cz
010711,OOP Bělá pod Bezdězem,"Masarykovo nám. 149, 294 01 Bělá pod Bezdězem",974877731,974870649,krpstc.oo.bela.p.b@mvcr.cz
010712,OOP Benátky nad Jizerou,"Pražská 99, 294 01 Benátky nad Jizerou",974877721,974870648,krpstc.oo.benatky.n.j@mvcr.cz
010713,OOP Mladá Boleslav II.,"Bělská 72/4, Mladá Boleslav",974877702,974870652, krpstc.oo.m.boleslav.2@mvcr.cz
010714,OOP Dobrovice,"Husova 327, 294 41 Dobrovice",974877741,974870650, krpstc.oo.dobrovice@mvcr.cz
010717,OOP Mladá Boleslav I.,"Jana Palacha 1296, Mladá Boleslav",974877522,974870653,krpstc.oo.m.boleslav.1@mvcr.cz
010718,OOP Mnichovo Hradiště,"Víta Nejedlého 720, 295 01 Mnichovo Hradiště",974877711,974870651,krpstc.oo.mn.hradiste@mvcr.cz
0108,Územní odbor Nymburk,"Boleslavská 1831, 288 29 Nymburk",974878111,974870621,krpstc.ouvs.nymburk@mvcr.cz      
010810,OOP Křinec,"Dr. Chmelaře 190, 289 33 Křinec",974878700,974870630,krpstc.oo.krinec@mvcr.cz
010811,OOP Lysá nad Labem,"Přemyslova 1745, 289 22 Lysá nad Labem",974878710,974870632, krpstc.oo.lysa@mvcr.cz
010812,OOP Městec Králové,"Na Ptáku 250, 289 03 Městec Králové",974878720,974870629, krpstc.oo.mestec.kral@mvcr.cz
010813,OOP Milovice,"Armádní 793, 289 23 Milovice",974878730,974870631,krpstc.oo.milovice@mvcr.cz
010814,OOP Nymburk,"Boleslavská 1831, 288 29 Nymburk",974878740,974870627,krpstc.oo.nymburk@mvcr.cz
010816,OOP Poděbrady,"Palachova 220, 290 01 Poděbrady",974878760,974870628,krpstc.oo.podebrady@mvcr.cz
010817,OOP Sadská,"Prokopova 387, 289 12 Sadská",974878750,974870633,krpstc.oo.sadska@mvcr.cz
0111,Územní odbor Příbram,"Žežická 498, 261 23 Příbram – Zdaboř",974879227,974870755,krpstc.uo.pb@mvcr.cz
011110,OOP Březnice,"Rožmitálská 145, 262 72 Březnice",974879710,nemají,krpstc.uo.oo.brez@mvcr.cz
011112,OOP Dobříš,"28. října 66, 263 01 Dobříš",974879720,nemají,krpstc.uo.oo.dobr@mvcr.cz
011115,OOP Milín,"11. května 321, 262 31 Milín",974879730,nemají,krpstc.uo.oo.milin@mvcr.cz
011119,OOP Příbram," Žežická 498, 261 01 Příbram V - Zdaboř, budova 29",974879760,974879778,krpstc.uo.oo.pbm@mvcr.cz
011120,OOP Rožmitál pod Třemšínem,"Tyršova 320, 262 42 Rožmitál pod Třemšínem",974879750,nemají,krpstc.uo.oo.rozm@mvcr.cz
011121,OOP Sedlčany,"Švermova 636, 264 01 Sedlčany",974879740,nemají, krpstc.uo.oo.sedl@mvcr.cz
011123,OOP Příbram - venkov,"Žežická 498, 261 01 Příbram V - Zdaboř",974879770,974879779,krpstc.uo.oo.pbv@mvcr.cz
0112,Územní odbor Rakovník,"Husovo náměstí 116, 269 33 Rakovník",974880221,974870721,krpstc.ra.podatelna@mvcr.cz
011211,OOP Hořesedly,"Karlovarská 139, 270 04 Hořesedly",974880740,974870730,krpstc.oo.horesedly@mvcr.cz
011212,OOP Jesenice u Rakovníka,"náměstí Míru 98, 270 33   Jesenice",974880730,974870729,krpstc.oo.jesenice@mvcr.cz
011213,OOP Roztoky,"Roztoky 112, 270 23  Křivoklát",974880720,974870728,krpstc.oo.roztoky@mvcr.cz
011215,OOP Nové Strašecí,"Dukelská 550, 271 01 Nové Strašecí",974880710,nemají, krpstc.oo.novestraseci@mvcr.cz
011216,OOP Rakovník,"Husovo náměstí 116, 269 33 Rakovník",974880700,974870726,krpstc.oo.rakovnik@mvcr.cz
0114,Územní odbor Praha venkov-jih,"Masarykovo náměstí 708, 251 64 Mnichovice",974882400,974870775,stckraj@mvcr.cz
011412,OOP Čestlice se sídlem v Nupakách,"Nupaky 106, 251 01  Říčany",974881750,974870780, krpstc.oo.cestlice@mvcr.cz
011413,OOP Jílové u Prahy,"Husova 256, 254 01 Jílové u Prahy",974882710,974870783,stckraj@mvcr.cz
011414,OOP Jesenice,"Budějovická 303, 252 42 Jesenice",974882770,974870810,stckraj@mvcr.cz
011416,OOP Říčany,"Masarykovo náměstí 56, 251 01 Říčany",974881730,974870779,phooprican@mvcr.cz
011419,OOP Kamenice,"Pražská 329, 251 68 Kamenice",974881740,974870781, krpstc.oo.kamen@mvcr.cz
011422,OOP Hradištko pod Medníkem,"Rajchardov 75, 252 09 Hradištko",974882700,974870782,krpstc.oo.hradistko@mvcr.cz
0115,Územní odbor Praha venkov-východ,"Zahradnická 1877/1, 250 01 Brandýs nad Labem",974881216,974870791,"krpstc.uo.pvv@mvcr.cz,"
011510,OOP Brandýs nad Labem,"Zahradnická 1877/1, 250 01 Brandýs nad Labem",974881600,974870799,krpstc.oo.brandys@mvcr.cz
011511,OOP Čelákovice,"Prokopa Holého 1664, 250 88 Čelákovice",974881720,974870796,krpstc.oo.celak@mvcr.cz
011515,OOP Odolena Voda,"Čenkovská 84, 250 70 Odolena Voda",974881700,974870797,krpstc.oo.odvoda@mvcr.cz
011517,OOP Úvaly,"Riegrova 897, 250 82 Úvaly",974881760,974870798,krpstc.uo.pvv@mvcr.cz
0116,Územní odbor Praha venkov-západ,"Zborovská 13, 150 00 Praha 5",974882229,974870801,krpstc.uo.pvz@mvcr.cz
011614,OOP Libčice nad Vltavou,"Kralupská 376, 252 66 Libčice nad Vltavou",974882730,974870809,krpstc.oo.libcice@mvcr.cz
011618,OOP Mníšek pod Brdy,"Náměstí F.X. Svobody 27, 252 10 Mníšek pod Brdy",974882720,974870808,krpstc.oo.mnisek@mvcr.cz
011620,OOP Řevnice,"Nádražní 213, 252 30 Řevnice",974882740,974870806,krpstc.oo.revnice@mvcr.cz
011621,OOP Hostivice,"Litovická 783/20, 253 01 Hostivice",974882750,974870807,krpstc.oo.hostiv@mvcr.cz  
0200,Krajské ředitelství policie Jihočeského kraje,"Lannova 26, 370 74 České Budějovice",974221111,974221900,krcbu@mvcr.cz
0201,Územní odbor České Budějovice,"Pražská třída 5, 370 01 České Budějovice",974226111,974226108,piscb@mvcr.cz
020110,OOP České Budějovice - město,"28. října 1594/1, 371 05 České Budějovice",974226700,974226940,cboopcbud@mvcr.cz
020111,OOP České Budějovice - Čtyři Dvory,"M. Chlajna 45, 370 11 České Budějovice",974226720,974226729,cboopcdvo@mvcr.cz
020112,OOP Suché Vrbné,"Dobrovodská 2106, 370 06 České Budějovice",974226750,974 226 759                ,cboopsvrbn@mvcr.cz
020113,OOP Hluboká nad Vltavou - stanice Ševětín,"Masarykova 49, 373 41 Hluboká nad Vltavou",974226730,974226739,cboophlubo@mvcr.cz
020114,OOP Boršov nad Vltavou,"Boršov nad Vltavou 206, 373 82 Boršov nad Vltavou",974226710,974226719,cboopborso@mvcr.cz
020116,OOP Lišov,"Žižkova 170/37, 373 72 Lišov",974226740,974226749,cbooplisov@mvcr.cz
020119,OOP Trhové Sviny,"Žižkovo náměstí 33, 374 01 Trhové Sviny",974226760,974226769,cbooptsvin@mvcr.cz
020120,OOP Týn nad Vltavou,"Dewetterova 326, 375 01 Týn nad Vltavou",974226770,974226779,cbooptyn@mvcr.cz
0202,Územní odbor Český Krumlov,"Tovární 165, 381 23 Český Krumlov",974232111,974232108,pcrck@mvcr.cz
020211,OOP Český Krumlov - služebna Křemže,"Tovární 165, 381 23 Český Krumlov",974232700,974232940,pcroopck@mvcr.cz
020213,OOP Horní Planá,"Jiráskova 178, 382 26 Horní Planá",974232710,380738234,ckoopplana@mvcr.cz
020215,OOP Kaplice,"Omlenická 311, 382 41 Kaplice",974232720,974232729,ckoopkapli@mvcr.cz
020217,OOP Lipno nad Vltavou - služebna Vyšší Brod,"Lipno nad Vltavou 75, 382 78 Lipno nad Vltavou",974232760,380736275,ckooplipno@mvcr.cz
020218,OOP Větřní,"Šumavská 129, 382 11 Větřní",974232740,380732394,ckoopvetrn@mvcr.cz
0203,Územní odbor Jindřichův Hradec,"Nádražní 567/II, 377 46 Jindřichův Hradec",974233111,974233900,pcrjhred@mvcr.cz
020310,OOP Dačice - služebna Slavonice,"Havlíčkovo náměstí 98/1380, 380 01 Dačice",974233710,974233719,jhoopdacic@mvcr.cz
020312,OOP Jindřichův Hradec - služebna Studená,"Nádražní 567/II, 377 46 Jindřichův Hradec",974233700,974233940,jhoopjhrad@mvcr.cz
020315,OOP Nová Bystřice,"Vitorazská 671, 378 33 Nová Bystřice",974233730,nemají,jhoopbyst@mvcr.cz
020322,OOP Suchdol nad Lužnicí,"9. května 697, 378 06 Suchdol nad Lužnicí",974233750,974233759,jhoopsuchd@mvcr.cz
020323,OOP Třeboň,"Riegrova 1227, 379 01 Třeboň",974244702,974244940,jhooptrebo@mvcr.cz
0205,Územní odbor Písek,"Na Výstavišti 377, 397 01 Písek",974235111,974235108,ospisek@mvcr.cz
020512,OOP Milevsko,"E. Beneše 7, 399 01 Milevsko",974235730,974235739,pioopmilev@mvcr.cz
020513,OOP Čimelice,"Čimelice 311, 398 04 ",974235720,974235729,pioopcimel@mvcr.cz
020515,OOP Písek,"Zeyrova 541, 397 01 Písek",974235700,974235709,pioop@mvcr.cz
020516,OOP Protivín,"Mírová 166, 398 11 Protivín ",974235740,974235749,pioopproti@mvcr.cz
020517,OOP Zvíkovské Podhradí,"Zvíkovské Podhradí 30, 397 01 Písek",974235750,974235759,pioopzpodh@mvcr.cz
0206,Územní odbor Prachatice,"Pivovarská 4, 383 24 Prachatice",974236111,974236108,ptkancelar@mvcr.cz
020612,OOP Netolice,"Váslavská 120, 384 11 Netolice",974236720,974236729,ptoopnetol@mvcr.cz
020613,OOP Prachatice,"Lázeňská 325, 383 24 Prachatice",974236700,974236940,ptoop@mvcr.cz
020615,OOP Vimperk,"1. máje 73/7, 385 01 Vimperk",974236780,974236189,ptoopvimpe@mvcr.cz
020617,OOP Volary,"Soumarská 375, 384 51 Volary",974236740,974236749,ptoopvolar@mvcr.cz
020618,OOP Horní Vltavice,"Horní vltavice 5, 384 91 Horní Vltavice",974236760,974236769,ptoophvlt@mvcr.cz
0207,Územní odbor Strakonice,"Plánkova 629, 386 01 Strakonice",974237111,974237900,operst@mvcr.cz
020711,OOP Blatná,"J.P. Koubka 22, 388 01 Blatná",974237710,974237719,stoopblatn@mvcr.cz
020714,OOP Strakonice,"Na Ohradě  1067, 386 01 Strakonice",974237700,974237709,oopst@mvcr.cz
020716,OOP Vodňany,"Dr. Hajného  22, 389 01 Vodňany",974237730,974237739,oopvd@mvcr.cz
020717,OOP Volyně,"Karla Čapka  711, 387 01 Volyně",974237740,974237749,oopvl@mvcr.cz
020718,OOP Radomyšl,"Blatenská  86, 387 31 Radomyšl",974237760,974237769,stoopradom@mvcr.cz
0208,Územní odbor Tábor,"Soběslavská 2763, 390 05 Tábor",974238111,974238108,taspa@mvcr.cz
020810,OOP Bechyně,"nám. T. G. Masaryka 4, 391 65  Bechyně",974238750,974237759,taoopbechy@mvcr.cz
020815,OOP Mladá Vožice - služebna Jistebnice,"Plaňkova 305, 391 43 Mladá Vožice",974238720,974237729,taoopmvozi@mvcr.cz
020816,OOP Sezimovo Ústí - služebna Chýnov,"nám. T. Bati 664, 391 02 Sezimovo Ústí",974238730,974238739,taoopsusti@mvcr.cz
020817,OOP Soběslav,"Palackého 94/2, 392 02 Soběslav",974238740,974237749,taoopsobes@mvcr.cz
020818,OOP Tábor,"Divadelní 212, 390 01 Tábor",974238700,974238940,taoop@mvcr.cz
020819,OOP Veselí nad Lužnicí,"nám. T. G. Masaryka 24, 391 81 Veselí nad Lužnicí",974238760,974238769,taoopvesel@mvcr.cz
0300,Krajské ředitelství policie Plzeňského kraje,"Nádražní 2, 306 28 Plzeň",974321111,974322203,szkplz@mvcr.cz
0301,Územní odbor Domažlice,"Kosmonautů 165, 344 15 Domažlice",974331111,974331218,skpvdovs@mvcr.cz
030111,OOP Domažlice,"Hruškova 152, 345 15 Domažlice ",974331650,974331658,dooopdomaz@mvcr.cz
030112,OOP Holýšov,"Jiráskova třída 5, 345 62 Holýšov",974331700,974331708,dooopholys@mvcr.cz
030113,OOP Horšovský Týn,"Náměstí Republiky 5, 346 01 Horšovský Týn",974331710,379422632,dooophtyn@mvcr.cz  
030114,OOP Kdyně,"Komenského 250, 345 06 Kdyně ",974331720,974331728,dooopkdyne@mvcr.cz
030115,OOP Poběžovice,"Mariánská 336, 345 22 Poběžovice",974331730,379497554,doooppobez@mvcr.cz
0304,Územní odbor Klatovy,"Plzeňská 90, 339 01 Klatovy",974334111,974334228,pcrorkt@mvcr.cz
030411,OOP Horažďovice,"Ševčíkova 496, 341 01 Horažďovice",974334722,376512502,ktoophoraz@mvcr.cz
030413,OOP Kašperské Hory,"Náměstí 306, 341 92 Kašperské Hory",974334712,376582313,ktoopkhory@mvcr.cz
030414,OOP Klatovy,"Plzeňská 90, 339 01 Klatovy ",974334654,974334666,ktoop@mvcr.cz
030415,OOP Kolinec,"Kolinec 127, 341 42 Kolinec",974334752,376594511,ktoopkoli@mvcr.cz
030416,OOP Nýrsko,"Klatovská 382, 340 22 Nýrsko",974334742,376571943,ktoopnyrs@mvcr.cz  
030417,OOP Plánice,"Plánice 178, 340 34 Plánice",974334772,376394466,ktoopplani@mvcr.cz
030418,OOP Sušice,"Na Burince 273, 342 11 Sušice",974334702,376524356,ktoopsusic@mvcr.cz
030419,OOP Švihov,"Kolářova 266, 340 12 Švihov",974334762,376393539,ktoopsviho@mvcr.cz
030420,OOP Železná Ruda,"1. Máje 136, 340 04 Železná Ruda",974334732,376397246,ktoopzruda@mvcr.cz
0305,Městské ředitelství policie Plzeň,"Klatovská 45, 306 11 Plzeň",974325229,974325218,pcrmrpm@mvcr.cz 
030511,OOP Plzeň-Doubravka (+PS Chrást),"Železniční 12, 326 00 Plzeň ",974325394,974325394,pmoopdoubr@mvcr.cz
030512,OOP Plzeň-Slovany (+ PS Starý Plzenec),"Nepomucká 43, 326 00 Plzeň ",974325392,974325588,pmoopslov@mvcr.cz
030513,OOP Plzeň-Lochotín,"Kaznějovská 2, 323 00 Plzeň ",974325391,974325618,pmoopkazne@mvcr.cz
030514,OOP Plzeň-Skvrňany,"Vejprnická 56, 318 00 Plzeň ",974325396,974325396,pmoopskvrn@mvcr.cz
030515,OOP Plzeň-Bory,"Nemocniční 8, 301 00 Plzeň",974324450,377459196,pmoopbory@mvcr.cz
030516,OOP Plzeň-Vinice,"Strážnická 16A, 323 00 Plzeň ",974325397,974325397,pmoopvinic@mvcr.cz
030517,OOP Plzeň-střed,"Anglické nábřeží 7, 301 00 Plzeň ",974323522,974323563,pmoopstred@mvcr.cz
0308,Územní odbor Rokycany,"Čelakovského 902, 337 01 Rokycany",974335111,974335218,pcrorro@mvcr.cz
030810,OOP Hrádek,"1. máje 269, 338 42 Hrádek ",974335710,371787400,rooophrade@mvcr.cz
030811,OOP Radnice (+ PS Zbiroh),"Plzeňská 55, 337 28 Radnice",974335700,371795555,rooopradni@mvcr.cz
030812,OOP Rokycany,"Jiráskova 179, 337 01 Rokycany",974335650,974335658,rooop@mvcr.cz
0310,Územní odbor Tachov,"Plánská 2032, 347 01 Tachov",974337111,974337238,pcrortc@mvcr.cz  
031011,OOP Bor,"Sadová 613, 348 02 Bor ",974337720,374790316,tcoobor@mvcr.cz
031012,OOP Planá,"Tachovská 874, 348 15 Planá",974337740,374793075,tcoopplana@mvcr.cz
031013,OOP Stříbro,"Tř. 5.května 813, 349 01 Stříbro ",974337730,374622194,tcoopstrib@mvcr.cz
031014,OOP Tachov,"Plánská 2018, 347 01 Tachov",974337710,974337718,tcoop@mvcr.cz
031015,OOP Konstantinovy Lázně,"Tichá 5, 349 52 Konstantinovy Lázně",974337750,374625576,tcoopklazn@mvcr.cz
0311,Územní odbor Plzeň - venkov,"Anglické nábřeží 7, 306 10 Plzeň",974326229,974326218,pjorpj@mvcr.cz
031110,OOP Blovice,"Hradišťská 136, 336 01 Blovice ",974326710,371523108,pjoopblov@mvcr.cz  
031111,OOP Dobřany,"Lipová 456, 334 41 Dobřany",974326720,377971820,pjoopdobra@mvcr.cz
031112,OOP Kaznějov,"Školní 478, 351 51 Kaznějov",373332158,373332082,psoopkazne@mvcr.cz
031113,OOP Kralovice (+ PS Manětín),"Manětínská 396, 331 41 Kralovice",373396466,373396301,psoopkralo@mvcr.cz  
031114,OOP Město Touškov,"Dolní nám. 1, 330 33 Město Touškov",377922220,377922010,psoopmtous@mvcr.cz
031115,OOP Nepomuk,"Nádražní 292, 335 01 Nepomuk ",974326730,371592258,pjoopnepom@mvcr.cz 
031116,OOP Nýřany,"Křížíkova 394, 330 23 Nýřany ",377931158,377931957,psoopnyran@mvcr.cz
031117,OOP Přeštice,"Masarykovo náměstí 105, 334 01 Přeštice",974326740,377981233,pjoopprest@mvcr.cz
031118,OOP Stod,"Hradecká 320, 333 01 Stod ",974326760,377901020,pjoopstod@mvcr.cz 
031119,OOP Třemošná,"Šeříková 412, 330 11 Třemošná",377953415,377954422,psooptremo@mvcr.cz 
031120,OOP Úněšov,"Úněšov 70, 330 38 Úněšov",373315224,373315324,psoopuneso@mvcr.cz
0400,Krajské ředitelství policie Ústeckého kraje,"Lidické náměstí 9, 401 79 Ústí nad Labem",974421229,974427006,krssck@mvcr.cz
0402,Územní odbor Děčín,"Kaštanová 2, 405 58 Děčín",974432111,974432108,pcrdecin@mvcr.cz
040210,OOP Benešov nad Ploučnicí,"Míru 1, 407 22 Benešov nad Ploučnicí",974432701,412586333,dcoopbene@mvcr.cz
040212,OOP Česká Kamenice,"Duk. Hrdinů 457, 407 21 Česká Kamenice",974432711,412582371,dcoopckam@mvcr.cz
040213,OOP Děčín - Podmokly (+PS Jílové),"Tržní, 7405 02  Děčín 4",974432651,412530067,dcoop@mvcr.cz
040214,OOP Krásná Lípa,"Stradalova 1027, 407 46 Krásná Lípa",974432731,412383277,dcoopklipa@mvcr.cz
040216,OOP Rumburk,"Třída 9. května, 408 11 Rumburk",974442651,412310598,dcooprbk@mvcr.cz
040217,OOP Šluknov,"Sokolovská 1036, 407 77 Šluknov",974432751,974432758,dcoopsluk@mvcr.cz
040218,OOP Varnsdorf,"Havlíčkova 2040/9, 407 47 Varnsdorf",974432741,412372377,dcoopvdf@mvcr.cz
040219,OOP Velký Šenov,"Lipovská 551, 407 78 Velký Šenov",974432761,412391333,dcoopvsen@mvcr.cz
040236,OOP Děčín-město (+PS Hřensko),"Čsl. Mládeže 89/4, 405 02 Děčín",974432771,412530067,dcoop@mvcr.cz
0403,Územní odbor Chomutov,"Riegrova 4510, 430 01 Chomutov",974433111,974433900,cvkr@mvcr.cz
040310,OOP Březno (+PS Radonice),"Dlouhá 36, 431 45 Březno",974433750,474692237,cvoopbr@mvcr.cz
040311,OOP Chomutov - město,"náměstí T.G.Masaryka 3100, 430 01 Chomutov",974447651,974447901,cvoop1@mvcr.cz
040312,OOP Jirkov,"Bezručova 1037, 431 11 Jirkov",974447500,474659537,cvoopji@mvcr.cz
040313,OOP Kadaň,"Klášterecká 1483, 432 01 Kadaň",974434700,474334535,cvoopka@mvcr.cz
040314,OOP Klášterec nad Ohří,"Polní 685, 431 51 Klášterec nad Ohří",974434600,474396203,cvoopkl@mvcr.cz
040319,OOP Vejprty,"Boženy Němcové 1204/22, 431 91 Vejprty",974434500,474386382,cvoopve@mvcr.cz
040321,OOP Chomutov - Kamenná,"Riegrova 4510, 430 01 Chomutov ",974433700,974433910,cvoop2@mvcr.cz
040323,OOP Chomutov - Černovická,"nám. T. G. Masaryka 1168, 430 01 Chomutov ",974447700,474621136,cvoop3@mvcr.cz
0406,Územní odbor Litoměřice,"Eliášova 7, 412 48 Litoměřice",974436215,974436900,pcrlt@mvcr.cz
040611,OOP Litoměřice (+PS Úštěk a Terezín),"Stránského 1, 412 48 Litoměřice",974436651,974436911,ltoop@mvcr.cz
040613,OOP Lovosice (+ PS Libochovice),"Žižkova 469/10, 410 02 Lovosice",974436701,974436704,ltooplovo@mvcr.cz
040614,OOP Roudnice nad Labem,"Riegrova 636, 413 01 Roudnice nad Labem",974444700,416837351,ltooproud@mvcr.cz
040615,OOP Štětí,"Stračenská 315, 411 08 Štětí",974436721,974436723,ltoopsteti@mvcr.cz
0407,Územní odbor Louny,"Cukrovarská zahrada 1124, 440 53 Louny",974437111,974437108,srorln@mvcr.cz
040713,OOP Louny,"Cukrovarská zahrada 1124, 440 53 Louny  ",974437651,974437905,lnoop@mvcr.cz
040717,OOP Podbořany (+PS Kryry),"Hlubanská 314, 441 01 Podbořany ",974445700,415214186,lnooppodbo@mvcr.cz
040718,OOP Postoloprty,"Žižkova 338, 439 42 Postoloprty",974437700,415783176,lnooppostolo@mvcr.cz
040719,OOP Žatec,"Dlouhá 111, 438 01 Žatec ",974446700,415712289,lnoopzatec@mvcr.cz
0408,Územní odbor Most,"V.Řezáče 224, 434 75 Most",974438111,974438228,mouo@mvcr.cz
040812,OOP Litvínov (+PS Lom a Meziboří),"Vodní 871, 436 01 Litvínov",476753033,476753033, mooplitvi@mvcr.cz
040814,OOP Most,"Václava Řezáče 224, 434 01 Most  ",974438611,974438610,mooop1@mvcr.cz
040815,OOP Obrnice,"Obrnice 226 , 435 21 Obrnice",476118034,476000586,moopobrni@mvcr.cz
040817,OOP Litvínov - Hamr (+PS Nová Ves v Horách),"Přátelství 157, 435 42 Litvínov 8",476742090,476701842, moophamr@mvcr.cz
040819,OOP Most - Zahradní,"Růžová 1406, 434 01 Most",476703787,476701209,mooop2@mvcr.cz
0409,Územní odbor Teplice,"Masarykova třída 1363, 415 96 Teplice",974439111,974439109,rediteltp@mvcr.cz
040910,OOP Bílina,"Studentská 874/94, 418 23 Bílina",417823333,417535893,tpoopbili@mvcr.cz
040911,OOP Dubí,"Krušnohorská 124/2, 417 01 Dubí",417530741,417560734,tpoopdubi@mvcr.cz
040912,OOP Duchcov,"Sadová 1213/13, 419 01 Duchcov",417835444,417836022,tpoopduch@mvcr.cz
040915,OOP Krupka,"K. Čapka 273, 417 42 Krupka",417861244,417535477,tpoopkrup@mvcr.cz
040917,OOP Prosetice,"Prosetická 283, 415 01 Teplice",417538700,417533923,tpoopprose@mvcr.cz
040918,OOP Teplice,"Vrchlického 10, 415 01 Teplice",417569471,417536090,tpoop@mvcr.cz
040920,OOP Trnovany,"Maršovská 1537, 415 01 Teplice",417570160,417537799,tpooptrno@mvcr.cz
0410,Územní odbor Ústí nad Labem,"Dlouhá 2, 400 67 Ústí nad Labem",974426111,974427032,orustinl@mvcr.cz 
041010,OOP Chlumec (+ PS Libouchec),"Muchova 226, 403 39 Chlumec",475223234,974427099,uloopchl@mvcr.cz
041012,OOP Neštěmice,"Horní 194, 403 31 Ústí nad Labem - Mojžíř",974426721,472733827,uloopnes@mvcr.cz
041013,OOP Ústí nad Labem-město,"Masarykova 47, 400 01 Ústí nad Labem",974426651,974427024,oruloop1@mvcr.cz 
041014,OOP Střekov (+ PS Velké Březno),"Truhlářova 30, 400 03 Ústí nad Labem",974426711,475531717,uloopstr@mvcr.cz
041015,OOP Trmice,"Lovecká 10, 400 04 Trmice",974426741,974426741,ulooptrm@mvcr.cz
041016,OOP Všebořice,"Všebořická 11, 400 10 Ústí nad Labem",974426751,475601326,uloopvse@mvcr.cz
041020,OOP Ústí nad Labem - Krásné Březno," Předmostí 50, 400 02 Ústí nad Labem ",974426761,475501310,uloopkrb@mvcr.cz
0500,Krajské ředitelství policie Královéhradeckého kraje ,"Ulrichovo nám. 810, 501 01 Hradec Králové",974521111,974521228, krp.khk@mvcr.cz
0502,Územní odbor Hradec králové ,"Mrštíkova 541, 500 09 Hradec Králové",974521111,974526900,hkvs@mvcr.cz
050210,OOP Hradec Králové 1,"Gočárova třída 1653, 500 02 Hradec Králové 2",974526651,974526652,hkoop1@mvcr.cz
050211,OOP Hradec Králové 2,"Pospíšilova třída 1103, 500 03 Hradec Králové 3",974526661,974526668,hkoop2@mvcr.cz
050212,OOP Chlumec nad Cidlinou,"Pražská 82, 503 51 Chlumec nad Cidlinou",974526711,974526718,hkoopchlum@mvcr.cz
050215,OOP Nový Bydžov (+PS Nechanice),"A. Jiráska 545, 504 01 Nový Bydžov",974526731,974526738,hkoopnoby@mvcr.cz
050216,OOP Holohlavy,"Na Výsluní 171, 503 03 Holohlavy",974526701,974526708,hkoophol@mvcr.cz
050217,OOP Třebechovice pod Orebem,"Žižkova 850, 503 46 Třebechovice pod Orebem",974526741,974526748,hkooptreb@mvcr.cz
050218,OOP Hradec Králové 3,"Mrštíkova 541, 500 09 Hradec Králové",974526671,974526678,hkoop3@mvcr.cz
0504,Územní odbor Jičín,"Balbínova 24, 506 12 Jičín",974533111,974533228,jcvs@mvcr.cz
050410,OOP Hořice,"Nám. Jiřího z Poděbrad 158, 508 01 Hořice",974533701,974533701,jcoophor@mvcr.cz
050411,OOP Jičín,"Balbínova 23, 506 12 Jičín",974533651,974533940,jcoop@mvcr.cz
050412,OOP Kopidlno,"Tomáše Svobody 106, 507 32 Kopidlno",974533711,974533711,jcoopkop@mvcr.cz
050414,OOP Nová Paka,"U Stadionu 37, 509 01 Nová Paka",974533721,974533721,jcoopnopa@mvcr.cz
050415,OOP Sobotka ,"Boleslavská 329, 507 43 Sobotka ",974533731,974533731,jcoopsob@mvcr.cz
0505,Územní odbor Náchod,"Husovo nám. 698, 547 45 Náchod",974534111,974534108,napcr@mvcr.cz
050510,OOP Broumov,"T.G. Masaryka 248, 550 01 Broumov",974534701,974534708,naoopbrou@mvcr.cz
050512,OOP Česká Skalice,"Pivovarská 54, 552 03 Česká Skalice",974534721,974534728,naoopcesk@mvcr.cz
050513,OOP Hronov (+ PS Červený Kostelec),"Jiráskova 169, 549 31 Hronov",974534731,974534731,naoophron@mvcr.cz
050514,OOP Jaroměř,"Patrného 270, 551 01 Jaroměř",974534741,974534748,naoopjar@mvcr.cz
050515,OOP Náchod,"Husovo náměstí 698, 547 45 Náchod",974534651,974534658,naoop@mvcr.cz
050516,OOP Nové Město nad Metují,"Komenského 146, 549 01 Nové Město nad Metují",974534751,974534758,naoopnome@mvcr.cz
050517,OOP Police nad Metují (+ PSTeplice nad Metují),"U Opatrovny 87, 549 54 Police nad Metují",974534761,974534761,naooppol@mvcr.cz
0507,Územní odbor Rychnov nad Kněžnou,"Zborovská 1360, 560 01 Rychnov nad Kněžnou",974536111,974536228,rkvs@mvcr.cz
050710,OOP Dobruška (+ PS Opočno),"Šubertovo náměstí 516, 518 01 Dobruška",974536701,974536708,rkoopdobr@mvcr.cz 
050711,OOP Kostelec nad Orlicí,"Rudé armády 3, 517 41 Kostelec nad Orlicí",974536711,974536718,rkoopkost@mvcr.cz
050713,OOP Rokytnice v Orlických horách,"nám.T.G. Masaryka 4, 517 61 Rokytnice v Orl. hor.",974536731,974536738,rkooprok@mvcr.cz
050714,OOP Rychnov nad Kněžnou,"Zborovská 1360, 516 01 Rychnov nad Kněžnou",974536651,974536658,rkoop@mvcr.cz 
050716,OOP Týniště nad Orlicí,"Čapkova 645, 517 21 Týniště nad Orlicí",974536721,974536728,rkooptyn@mvcr.cz
0510,Územní odbor Trutnov,"Roty Nazdar 497, 541 11 Trutnov",974539111,974539228,ortu@mvcr.cz
051011,OOP Dvůr Králové nad Labem,"Legionářská 1234, 544 01 Dvůr Králové nad Labem",974539701,974539708,tuoopdk@mvcr.cz
051012,OOP Hostinné,"Horská 520, 543 71 Hostinné",974539711,974539718,tuoophost@mvcr.cz
051015,OOP Svoboda nad Úpou,"Lázeňská 215, 542 24 Svoboda nad Úpou",974539731,974539731,tuoopsvob@mvcr.cz
051016,OOP Trutnov,"Roty Nazdar 496, 541 11 Trutnov",974539651,974539940,tuoop@mvcr.cz
051017,OOP Úpice,"Regnerova 265, 542 32 Úpice",974539751,974539758,tuoopupic@mvcr.cz
051018,OOP Vrchlabí ,"Zámecká 53, 543 01 Vrchlabí ",974539761,974539768,tuoopvrch@mvcr.cz
051019,OOP Pec pod Sněžkou,"Velká Úpa 164, 542 22 Pec pod Sněžkou",974539721,974539721,tuooppec@mvcr.cz
051020,OOP Špindlerův Mlýn,"Bedřichov 53, 543 51 Špindlerův Mlýn",974539741,974539748,tuoopspm@mvcr.cz
051021,OOP Žacléř,"Komenského 71, 542 01 Žacléř",974539771,974539778,tuoopzac@mvcr.cz
0600,Krajské ředitelství policie Jihomoravského kraje,"Kounicova 24, 611 32 Brno",974621111,974625508,redbrn@mvcr.cz
0602,Městské ředitelství Brno,"Cejl 4/6, 611 38 Brno",974621111,974625508,bmkr@mvcr.cz
060210,OOP Brno-střed,"Běhounská 1, 602 00 Brno",974621111,974624408,mrpb.oop.stred.podatelna@pcr.cz
060211,OOP Brno-Žabovřesky,"Veveří 47/49, 611 38 Brno",974624202,974624205,mrpb.oop.zabovresky.podatelna@pcr.cz
060212,OOP Brno-sever,"Příční 31, 602 00 Brno",974621111,974625432,mrpb.oop.sever.podatelna@pcr.cz
060213,OOP Brno-Židenice,"Nopova 86, 615 00 Brno",974621111,974623586,mrpb.oop.zidenice.podatelna@pcr.cz
060214,OOP Brno-Královo Pole,"Malátova 3, 602 00 Brno",974621111,974624745,mrpb.oop.krpole.podatelna@pcr.cz
060216,OOP Brno-Komárov,"Zvonařka 18, 617 00 Brno",974621111,974623665,mrpb.oop.komarov.podatelna@pcr.cz
060218,OOP Brno-Výstaviště,"Horní 21, 639 00 Brno ",974621111,974626488,mrpb.oop.vystaviste.podatelna@pcr.cz
060219,OOP Brno-Bystrc,"Nám. 28. dubna 9, 635 00 Brno",974621111,974628831,mrpb.oop.bystrc.podatelna@pcr.cz
0603,Územní odbor Brno-venkov,"Rybářská 17, 611 33 Brno",974626229,974626440,uovsbrnov@policiebrno.cz  
060310,OOP Šlapanice ,"Masarykovo nám. 13, 664 51 Šlapanice ",974626740,974626748,bo.oop.slapanice.podatelna@pcr.cz
060312,OOP Ivančice,"Josefa Vávry 30, 664 91 Ivančice",974626441,974626708,  bo.oop.ivancice.podatelna@pcr.cz
060313,OOP Kuřim,"Svatopluka Čecha 967, 664 34 Kuřim",974626710,974626718,bo.oop.kurim.podatelna@pcr.cz
060315,OOP Rosice,"Komenského nám. 263, 665 01 Rosice",974626730,974626738,bo.oop.rosice.podatelna@pcr.cz
060316,OOP Pohořelice,"Loděnická 754, 691 23 Pohořelice",974632791,519424575,bv.oop.pohorelice.podatelna@pcr.cz
060317,OOP Tišnov,"Majorova 763, 666 01 Tišnov",974626446,974626446,bo.oop.tisnov.podatelna@pcr.cz
060320,OOP Židlochovice,"Masarykova 102, 667 01 Židlochovice",974626760,974626768,bo.oop.zidlochovice.podatelna@pcr.cz
060322,OOP Rajhrad,"Štefánikova 109, 664 61 Rajhrad",974626720,974626728,bo.oop.rajhrad.podatelna@pcr.cz
0604,Územní odbor Břeclav,"Národních hrdinů 15, 690 16 Břeclav",974632905,974632219,krbv@mvcr.cz
060410,OOP Břeclav,"Národních Hrdinů 21, 690 16 Břeclav",974632701,974632709, bv.oop.breclav.podatelna@pcr.cz
060412,OOP Hustopeče (+PS Velké Pavlovice),"Husova 7, 693 01 Hustopeče",974632741,974632750,bv.oop.hustopece.podatelna@pcr.cz
060415,OOP Mikulov,"U lomu 561E, 692 01 Mikulov",974632781,974632785,bv.oop.mikulov.podatelna@pcr.cz 
0606,Územní odbor Hodonín,"Velkomoravská 16, 695 29 Hodonín",974633111,974633238,hodonin@mvcr.cz
060612,OOP Dubňany,"U zdravotního střediska 1541, 696 03 Dubňany",974633580,974633588,hooopdubna@mvcr.cz
060613,OOP Hodonín,"Velkomoravská 16, 695 29 Hodonín",974633470,974633468,hooop@mvcr.cz
060614,OOP Kyjov,"Boršovská 2077/1a, 697 11 Kyjov",974633500,974633508,hooopkyjov@mvcr.cz
060615,OOP Strážnice,"nám. 17. listopadu 1542, 696 62 Strážnice",974633540,974633548,hooopstraz@mvcr.cz
060617,OOP Veselí nad Moravou,"Masarykova 115, 698 01 Veselí nad Moravou",974633520,974633528,hooopvnm@mvcr.cz 
0613,Územní odbor Znojmo,"Pražská 59, 670 20 Znojmo",974641229,974641671,pcrznpis@mvcr.cz
061310,OOP Hrušovany nad Jevišovkou,"nám. Míru 87, 671 67 Hrušovany nad Jevišovkou",974641840,974641845,znoophrus@mvcr.cz
061312,OOP Jevišovice,"Jevišovice 337, 671 53 Jevišovice",974641602,974641612,znoopjevis@mvcr.cz 
061315,OOP Moravský Krumlov,"Školní 163, 672 01 Moravský Krumlov",974641650,974641613,znoopmkru@mvcr.cz
061319,OOP Vranov nad Dyjí,"8. května 155, 671 03 Vranov nad Dyjí",974641605,974641627,znoopvnd@mvcr.cz
061320,OOP Znojmo (+PS Prosiměřice),"Pražská 59, 670 20 Znojmo",974641606,974641676,znoop@mvcr.cz
0618,Územní odbor Blansko - Vyškov,"Bezručova 31, 678 01 Blansko",974631111,974631218,orbksekr@mvcr.cz 
061811,OOP Blansko,"Bezručova 31, 678 01 Blansko",974631396,974631382, bkoop@mvcr.cz
061812,OOP Boskovice,"Masarykovo náměstí 5, 680 01 Boskovice",974631730,974631738,bkoopbosk@mvcr.cz
061816,OOP Letovice,"Masarykovo náměstí 17, 679 61 Letovice",974631770,974631778,bkoopleto@mvcr.cz
061817,OOP Bučovice,"Součkova 433, 685 01 Bučovice",974639820,517381333,vyoopbucov@mvcr.cz
061818,OOP Slavkov u Brna,"Palackého náměstí 65, 684 01 Slavkov u Brna",974639810,974639810,vyoopsub@mvcr.cz
061819,OOP Vyškov (+PS Rousínov),"Brněnská 7a, 682 11 Vyškov",974639450,974639711,vyoop@mvcr.cz
0700,Krajské ředitelství policie Moravskoslezského kraje,"30. dubna 24, 728 99 Moravská Ostrava a Přívoz",974721111,974721900,ssmkzastup@mvcr.cz
0701,Územní odbor Bruntál,"Partyzánská 9, 792 01 Bruntál",974731111,974731900,krbr@mvcr.cz 
070110,OOP Bruntál,"Sladovnická 14, 792 01 Bruntál",974731651,974731658,broop@mvcr.cz
070113,OOP Krnov,"Albrechtická 1, 794 01 Krnov",974731731,554637618,broopkrnov@mvcr.cz
070114,OOP Město Albrechtice,"Osvobození 7, 793 95 Město Albrechtice",974731771,554646069,broopalbre@mvcr.cz
070116,OOP Rýmařov,"J. Sedláka 12, 795 01 Rýmařov",974731751,974731758,brooprymar@mvcr.cz
070117,OOP Vrbno pod Pradědem,"Nádražní 583, 793 26 Vrbno pod Pradědem",974731761,974731765,broopvrbno@mvcr.cz
0702,Územní odbor Frýdek-Místek,"Beskydská 2061, 738 19 Frýdek-Místek",974732111,974732900,krfm@mvcr.cz
070211,OOP Brušperk,"Policejní 195, 739 44 Brušperk",974732701,558666522,fmoopbrusp@mvcr.cz
070213,OOP Nošovice,"Nošovice 155, 739 51 Nošovice",974732711,558638639,fmoopnosovice@mvcr.cz
070214,OOP Frýdek-Místek,"Hlavní 110, 738 02  Frýdek-Místek",974732651,974732940,oopfm@mvcr.cz
070215,OOP Frýdlant nad Ostravicí,"5. května 1419, 739 11 Frýdlant nad Ostravicí",974732731,558442012,fmoopfrydl@mvcr.cz
070216,OOP Hnojník,"Hnojník 222, 739 53 Hnojník",974732741,974732748,fmoophnoj@mvcr.cz
070217,OOP Jablunkov,"Nádražní 202, 739 91 Jablunkov",974732751,558358050,fmoopjablu@mvcr.cz
070218,OOP Palkovice,"Palkovice 448, 739 41 Palkovice",974732771,558656190,fmooppalk@mvcr.cz
070221,OOP Třinec,"1.máje 124, 739 61 Třinec",974732781,974732788,fmooptrine@mvcr.cz
0703,Územní odbor Karviná,"Havířská 1511/26, 735 06 Karviná - Nové Město",974734111,974734900,pcrorka@mvcr.cz
070310,OOP Těrlicko ,"Přehradní 371/11, 735 42 Těrlicko ",596423067,596423068,kaoopterli@mvcr.cz
070311,OOP Český Těšín,"náb. Míru 20, 737 01 Český Těšín",558731800,558712567,kaoopctesi@mvcr.cz
070312,OOP Havířov 1,"Sv. Čecha 1, 736 01 Havířov-Město ",596805541,974744658,kaoophav1@mvcr.cz
070314,OOP Horní Suchá ,"Stonavská 365, 735 35 Horní Suchá ",596425556,596425485,kaoophsuch@mvcr.cz
070315,OOP Karviná 1,"U Svobodáren 1298, 735 06 Karviná - Nové Město",974734651,974734658,kaoopkar1@mvcr.cz
070316,OOP Karviná 7,"Stavbařů 2198, 734 01 Karviná-Mizerov",596342333,974734778,kaoopkar7@mvcr.cz
070317,OOP Bohumín,"9. května 658, 735 81 Bohumín",596097512,974734708,kaoopbohum@mvcr.cz
070318,OOP Orlová,"Slezská 1370, 735 13 Orlová-Poruba",596523333,596513558,kaooporlov@mvcr.cz
070319,OOP Petřvald,"Ostravská 924, 735 41 Petřvald",596541124,596512103,kaooppetrv@mvcr.cz
070320,OOP Dětmarovice,"Dětmarovice 964, 735 71 Dětmarovice",596550144,596550198,kaoopdetma@mvcr.cz
070321,OOP Havířov 3,"Moravská 31, 736 01 Havířov-Šumbark",596884863,974734758,kaoophav3@mvcr.cz
0704,Územní odbor Nový Jičín,"Svatopluka Čecha 11, 741 11 Nový Jičín",974735111,974735900,vedeninj@mvcr.cz
070410,OOP Bílovec,"Pivovarská 13/15, 743 01 Bílovec ",556410834,974735701,bilovec@mvcr.cz
070411,OOP Frenštát pod Radhoštěm,"Rožnovská 241, 74401 Frenštát pod Radhoštěm",556835333,974735718,njoopfren@mvcr.cz
070412,OOP Fulnek ,"Masarykova 63, 742 45 Fulnek ",974735721,556455328,njoopfulne@mvcr.cz
070413,OOP Kopřivnice ,"Štefánikova 370, 742 21 Kopřivnice ",974735731,974735738,njoopkopri@mvcr.cz
070414,OOP Nový Jičín,"Vančurova 44, 741 11 Nový Jičín",974735651,974735940,njoop@mvcr.cz
070415,OOP Odry,"Osvobození 25, 742 35 Odry",974735741,556730834,njoopodry@mvcr.cz
070416,OOP Příbor,"Masarykova 637, 742 58 Příbor",974735751,556713927,njooppribo@mvcr.cz
070417,OOP Studénka ,"Sjednocení 846, 742 13 Studénka ",974735761,974735768,njoopstude@mvcr.cz
0706,Územní odbor Opava,"Hrnčířská 22, 746 25 Opava",974737111,974737900,krop@mvcr.cz
070612,OOP Hlučín ,"Dr. E. Beneše 2, 748 11 Hlučín ",974737701,974737708,opoophluci@mvcr.cz
070613,OOP Hradec nad Moravicí ,"Lidická 316, 747 41 Hradec nad Moravicí ",974737731,974737738,opoophrade@mvcr.cz
070614,OOP Kravaře,"Bezručova 102, 747 22 Kravaře",974737721,974737728,opoopkrava@mvcr.cz
070616,OOP Opava,"Vaškovo náměstí 10, 746 25 Opava",974737651,974737658,opoop@mvcr.cz
070618,OOP Velké Heraltice ,"Družstevní 41, 747 75 Velké Heraltice ",974737751,553650972,opoopvhera@mvcr.cz
070619,OOP Vítkov,"Komenského 137, 749 11 Vítkov",974737711,974737718,opoopvitko@mvcr.cz
0707,Městské ředitelství Ostrava,"30. dubna 1682/24, 729 21 Ostrava",974721111,974725900,mrova@mvcr.cz
070711,OOP Ostrava–Mariánské Hory,"Strmá 14, 709 39 Ostrava–Mariánské Hory a Hulváky",974725301,974727308,mrova.oop.marhory@mvcr.cz
070712,OOP Ostrava-Poruba 1,"Dělnická 392, 708 54 Ostrava–Poruba",974725731,974725738,mrova.oop.poruba1@mvcr.cz
070713,OOP Ostrava-Přívoz,"Wattova 1047/21, 702 10 Moravská  Ostrava a Přívoz",974727701,974727708,mrova.oop.privoz@mvcr.cz
070715,OOP Ostrava-střed,"Masná 3, 72873 Moravská Ostrava a Přívoz",974725721,974727408,mrova.oop.stred@mvcr.cz
070716,OOP Ostrava–Vítkovice,"Mečnikovova 4, 703 49 Ostrava–Vítkovice",974725771,974728208,mrova.oop.vitkovice@mvcr.cz
070717,OOP Ostrava–Zábřeh,"Náměstí SNP, 700 30 Ostrava–Zábřeh",974728301,974728308,mrova.oop.zabreh@mvcr.cz
070718,OOP Slezská Ostrava (+PS Ostrava Radvanice),"Bohumínská 65, 710 00 Slezská Ostrava",974725651,974725658,mrova.oop.slezska@mvcr.cz
070720,OOP Ostrava–Hrabůvka,"Dr. Martínka 14, 700 30 Ostrava–Hrabůvka",974725791,974725798,mrova.oop.hrabuvka@mvcr.cz
070721,OOP Ostrava–Poruba 2 (+ PS Velká Polom),"Heyrovského 9, 708 51 Ostrava–Poruba",974727601,974727608,mrova.oop.poruba2@mvcr.cz
070722,OOP Vratimov,"Frýdecká 819, 738 32 Vratimov",974728711,596732376,mrova.oop.vratimov@mvcr.cz
1400,Krajské ředitelství policie Olomouckého kraje,"Tř. Kosmonautů 189/10, 771 36 Olomouc",974766111,974761900,krpolk.reditel@mvcr.cz
1405,Územní odbor Olomouc,"Žižkovo nám. 4, 771 36 Olomouc",974766111,974766900,reditol@mvcr.cz
140512,OOP Moravský Beroun,"Nádražní 134, 793 05  Moravský Beroun",974766781,554733305,ol.oo.mberoun.stsl@pcr.cz
140513,OOP Litovel,"Husova 20, 784 01 Litovel",974766751,974766758,olooplitov@mvcr.cz
140514,OOP Lutín,"Olomoucká 138, 783 49 Lutín",974766771,974766778,olooplutin@mvcr.cz
140516,OOP Olomouc 1,"Sokolská 52, 731 36 Olomouc",974766651,974766698,ol.oo.olomouc1.stsl@pcr.cz
140518,OOP Šternberk,"Oblouková 4, 785 01 Šternberk",974766731,974766738,oloopstern@mvcr.cz
140519,OOP Uničov,"Gen. Svobody 1214, 783 91 Uničov",974766741,974766748,oloopunicov@mvcr.cz
140520,OOP Velká Bystřice,"Zámecké náměstí 17, 783 53 Velká Bystřice",974766761,585351877,oloopvbyst@mvcr.cz
140522,OOP Olomouc 2,"Heyrovského 2a, 771 36 Olomouc",974767651,974766708,oloop2@mvcr.cz
140523,OOP Olomouc 3,"Smetanova 14, 771 36 Olomouc",585227660,974766718,ol.oo.olomouc3.stsl@pcr.cz
140524,OOP Olomouc 4,"Na Trati 78, 771 36 Olomouc",974766721,974766728,oloop4@mvcr.cz
1408,Územní odbor Přerov,"U Výstaviště 18, 751 52 Přerov",974778299,581218362,srorpr@mvcr.cz
140811,OOP Hranice,"Purgešova 2, 753 01 Hranice",974778711,974778718,pr.oo.hranice.podatelna@pcr.cz
140812,OOP Kojetín,"Masarykovo Náměstí 39, 752 01 Kojetín",974778721,974778728,pr.oo.kojetin.podatelna@pcr.cz
140813,OOP Lipník nad Bečvou,"K Nadsklepí 1402, 751 31 Lipník n/B",974778731,581773260,pr.oo.lipnik.podatelna@pcr.cz
140817,OOP Přerov 1,"Čapka Drahlovského 7, 750 02 Přerov",974778651,974778658,pr.oo.prerov.podatelna@pcr.cz
140819,OOP Přerov 2,"U Výstaviště 18, 751 52 Přerov",974778701,974778708,pr.oo.prerov2.podatelna@pcr.cz
1409,Územní odbor Šumperk,"Havlíčkova 8, 787 90 Šumperk",974779299,974779900,orpvkr@mvcr.cz
140910,OOP Hanušovice,"Hlavní 93, 788 03 Hanušovice",974779701,974779701,su.oo.hanusovice.stsl@pcr.cz
140913,OOP Mohelnice,"Generála Svobody 22, 789 85 Mohelnice",974779721,974779728, su.oo.mohelnice.podatelna@pcr.cz         
140914,OOP Šumperk,"Havlíčkova 10, 787 01 Šumperk",974779651,974779658,su.oo.sumperk.podatelna@pcr.cz
140916,OOP Velké Losiny,"Rudé Armády 361, 788 15 Velké Losiny",974779731,974779738,su.oo.vlosiny.stsl@pcr.cz
140917,OOP Zábřeh,"Postřelmovská 7, 789 01, Zábřeh",974779741,974779748,su.oo.zabreh.podatelna@pcr.cz
1411,Územní odbor Jeseník,"Moravská 780/4, 790 14 Jeseník",974773550,974773900,pcrje@mvcr.cz
141110,OOP Jeseník ,"Moravská 780/4, 790 01 Jeseník ",974773651,974773658,je.oo.jesenik.stsl@pcr.cz
141111,OOP Javorník ,"Hlavní 149, 790 65 Žulová",974773701,974773708,je.oo.javornik.stsl@pcr.cz 
141112,OOP Zlaté Hory,"Bezručova 614, 793 76 Zlaté Hory",974773711,974773718,je.oo.zlatehory.stsl@pcr.cz        
1412,Územní odbor Prostějov,"Újezd 12, 796 01 Prostějov",974781230,974781900,orpvkr@mvcr.cz
141211,OOP Konice,"Masarykovo nám. 36, 798 52 Konice",974781711,582396139,pvoopkonic@mvcr.cz 
141213,OOP Němčice na Hané,"Tyršova 546, 798 27 Němčice nad Hanou",974781721,582386033,pvoopnnh@mvcr.cz 
141214,OOP Plumlov,"Tyršovo nám. 160, 798 03  Plumlov",974781731,582393507,pvoopplum@mvcr.cz
141215,OOP Prostějov,"Újezd 12, 796 77 Prostějov  ",974781651,974781658,pvoop1@mvcr.cz 
141216,OOP Prostějov 2,"Karolíny Světlé 8, 798 77 Prostějov-Vrahovice",974781701,582336960,pvoop2@mvcr.cz
1500,Krajské ředitelství policie Zlínského kraje,"J. A. Bati 5637, 760 01 Zlín",974661111,974661900,krpz.reditel@mvcr.cz
1505,Územní odbor Zlín,"Nám. T. G. Masaryka 3218, 760 01 Zlín",974666111,974666900,pcrzlin@mvcr.cz
150511,OOP Fryšták,"Souhrady 386, 763 13 Fryšták",974666781,974666788,zl.oop.frystak.podatelna@pcr.cz
150512,OOP Zlín,"třída T. Bati 44, 760 01 Zlín",974666659,974666658, zl.oop.zlin.podatelna@pcr.cz
150513,OOP Luhačovice,"Uherskobrodská 877, 763 26 Luhačovice",974666751,974666758,zl.oop.luhacovice.podatelna@pcr.cz
150514,OOP Napajedla,"Masarykovo nám. 87, 763 61 Napajedla",974666731,974666731,zl.oop.napajedla.podatelna@pcr.cz
150515,OOP Otrokovice,"nám. 3. května 1342, 765 02 Otrokovice",974666725,974666728,zl.oop.otrokovice.podatelna@pcr.cz
150516,OOP Slavičín,"Osvobození 309, 763 01 Slavičín",974666761,974666768, zl.oop.slavicin.podatelna@pcr.cz
150517,OOP Valašské Klobouky,"Cyrilometodějská 295, 766 01 Valašské Klobouky",974666778,974666778, zl.oop.valklobouky.podatelna@pcr.cz
150518,OOP Vizovice,"Slušovická 425, 763 12 Vizovice",974666741,974666741,zl.oop.vizovice.podatelna@pcr.cz
1508,Územní odbor Kroměříž,"Březinova 2819, 767 28 Kroměříž",974675111,974675900,pcrkmkr@mvcr.cz
150810,OOP Bystřice pod Hostýnem,"Holešovská 757, 768 61 Bytřice pod Hostýnem",974675701,974675701,km.oop.bystriceh.podatelna@pcr.cz 
150811,OOP Holešov,"Palackého 501, 769 01 Holešov",974675721,974675721,km.oop.holesov.podatelna@pcr.cz
150812,OOP Hulín,"Družba čp. 1198, 768 24 Hulín",974675741,974675741,km.oop.hulin.podatelna@pcr.cz
150813,OOP Kroměříž,"Březinova 2819/2, 767 01 Kroměříž",974675651,974675658,km.oop.kromeriz.podatelna@pcr.cz
150815,OOP Morkovice ,"Náměstí 26, 768 33 Morkovice ",974675761,974675768, km.oop.morkovice.podatelna@pcr.cz
1511,Územní odbor Uherské Hradiště,"Velehradská třída 1217, 686 43 Uherské Hradiště",974678111,974678900,uovs.uh@mvcr.cz
151111,OOP Bojkovice (+PS Strání),"Sušilova 148, 687 71 Bojkovice",974678791,974678798,uh.oop.bojkovice.podatelna@pcr.cz
151112,OOP Buchlovice,"Masarykova 271, 687 08 Buchlovice",974678761,974678768,uh.oop.buchlovice.podatelna@pcr.cz
151116,OOP Uherské Hradiště,"Velehradská třída 1217, 686 43 Uherské Hradiště",974678651,974678658,uh.oop.uhhrad.podatelna@pcr.cz
151117,OOP Uherský Brod,"Obchodní 2379, 688 01 Uherský Brod",974678701,nemají,uh.oop.uhbrod.podatelna@pcr.cz
151118,OOP Uherský Ostroh,"Náměstí sv. Ondřeje 14, 687 24 Uherský Ostroh",974678781,974678788,uh.oop.uhostroh.podatelna@pcr.cz
1515,Územní odbor Vsetín,"Hlásenka 1516, 755 23 Vsetín",974680111,974680900,krorvs@mvcr.cz
151511,OOP Horní Lideč,"Horní Lideč 18, 756 12 Horní Lideč",974680721,974680728, vs.oop.hornilidec.podatelna@pcr.cz
151512,OOP Jablůnka,"Jablůnka 99, 756 23 Jablůnka",974680731,974680738,vs.oop.jablunka.podatelna@pcr.cz
151513,OOP Karolinka,"Radniční nám. 42, 756 05 Karolinka",974680741,974680748,vs.oop.karolinka.podatelna@pcr.cz
151515,OOP Rožnov pod Radhoštěm (+PS Horní Bečva),"5. května 599, 756 61 Rožnov pod Radhoštěm",974680751,974680758,vs.oop.roznov.podatelna@pcr.cz
151516,OOP Valašské Meziříčí (+PS Kelč),"Vsetínská 378, 757 01 Valašské Meziříčí",974680761,974680768,vs.oop.valmezirici.podatelna@pcr.cz
151517,OOP Vsetín,"Hlásenka 1516, 755 23 Vsetín",974680651,974680108,vs.oop.vsetin.podatelna@pcr.cz
1600,Krajské ředitelství policie kraje Vysočina,"Vrchlického 46, 587 24 Jihlava",974266111,974261700,podatelna@policievysocina.cz
1607,Územní odbor Jihlava,"Vrchlického 46, 587 24 Jihlava",974266229,974266700,uo.vs@policievysocina.cz
160711,OOP Jihlava,"Vrchlického 46, 587 24 Jihlava",974266659,974266706,jioop@mvcr.cz
160713,OOP Polná,"Husovo náměstí 15, 588 13 Polná",974266701,nemají,jiooppolna@mvcr.cz
160715,OOP Telč,"Luční 625, 588 56 Telč",974266721,nemají,jiooptelc@mvcr.cz 
160716,OOP Třešť ,"Nádražní 488, 589 01 Třešť ",974266741,nemají,jiooptrest@mvcr.cz
1610,Územní odbor Třebíč,"Bráfova 11, 674 01 Třebíč",974277111,974277900,redtr@mvcr.cz
161011,OOP Hrotovice (+ PS Jaroměřice n. Rokytnou),"náměstí 8. května 608, 675 55 Hrotovice",974277701,974277708,troophrot@mvcr.cz
161013,OOP Jemnice,"Lípová 924, 675 31 Jemnice",974277731,974277738,troopjemni@mvcr.cz 
161014,OOP Moravské Budějovice,"Pražská 1095, 676 02 Moravské Budějovice",974277741,974277748,troopmbud@mvcr.cz
161015,OOP Náměšť nad Oslavou,"Třebíčská 924, 675 71 Náměšť nad Oslavou",974277761,974277768,troopnno@mvcr.cz 
161017,OOP Třebíč (+ PS Okříšky),"Bráfova 3, 674 01 Třebíč",974277651,974277658,troop@mvcr.cz
1614,Územní odbor Žďár nad Sázavou,"Brněnská 23, 591 20 Žďár nad Sázavou",974282111,974282507,personzr@mvcr.cz
161410,OOP Bystřice nad Pernštejnem,"Nádražní 159, 593 01 Bystřice nad Pernštejnem",974282701,974282708,zroopbnp@mvcr.cz
161415,OOP Nové Město na Moravě,"Žďárská 43, 592 31 Nové Město na Moravě",974282741,974282748,zroopnmnm@mvcr.cz
161419,OOP Velké Meziříčí,"Zámecká 946, 594 01 Velké Meziříčí",974282721,974282728,zroopvmez@mvcr.cz
161420,OOP Žďár nad Sázavou,"Brněnská 23, 591 20 Žďár nad Sázavou",974282651,974282658,zroop@mvcr.cz
1616,Územní odbor Havlíčkův Brod,"Husova 2894, 580 02 Havlíčkův Brod",974271229,974271908,hbkr@mvcr.cz
161612,OOP Havlíčkův Brod (+PS Přibyslav),"Husova 2894, 580 01 Havlíčkův Brod",974271651,974271658,hboop@mvcr.cz
161613,OOP Chotěboř (+PS Golčův Jeníkov),"Hromádky z Jistebnice 1740, 583 01 Chotěboř",974271711,974271718,hboopchot@mvcr.cz
161616,OOP Světlá nad Sázavou (+PS Ledeč n. S.),"Nám. Trčků z Lípy 1045, 582 91 Světlá nad Sázavou",974271741,974271748,hboopsvet@mvcr.cz
1617,Územní odbor Pelhřimov,"Pražská 1738, 393 31 Pelhřimov",974274229,974274900,peorkr@mvcr.cz
161712,OOP Humpolec,"Žižkova 922, 396 01 Humpolec",974274721,974274728,peoophumpo@mvcr.cz
161713,OOP Kamenice nad Lipou (+PS Počátky),"Komenského 627, 394 70 Kamenice nad Lipou",974274731,974274738,peoopkamen@mvcr.cz
161716,OOP Pacov,"Václava Plačka 828, 395 01 Pacov",974274741,974274748,peooppacov@mvcr.cz
161717,OOP Pelhřimov,"Karlovo nám. 201, 393 01 Pelhřimov",974274651,974274658,peoop@mvcr.cz
1700,Krajské ředitelství policie Pardubického kraje ,"Na Spravedlnosti 2516, 530 48 Pardubice",974566111,974561228,krp.pu@mvcr.cz
1703,Územní odbor Chrudim ,"Všehrdovo náměstí 46, 537 20 Chrudim",974572111,974572108,uovscr@mvcr.cz
170310,OOP Heřmanův Městec,"Čáslavská 276, 538 03 Heřmanův Městec",974572711,974572718,croophem@mvcr.cz  
170311,OOP Hlinsko,"Ležáků 1351, 539 01 Hlinsko",974572701,469311334,croophlin@mvcr.cz
170312,OOP Chrast,"Šmídova 414, 538 51 Chrast",974572721,974572728,croopchra@mvcr.cz
170313,OOP Chrudim,"Hradební 47, 537 20 Chrudim",974572653,974572658,croop@mvcr.cz  
170317,OOP Skuteč ,"Sadová 387, 539 73 Skuteč ",974572731,469350355,croopskut@mvcr.cz 
170318,OOP Třemošnice ,"Tovární 320, 538 43 Třemošnice ",469661796,469661796,crooptrem@mvcr.cz 
1706,Územní odbor Pardubice ,"Na Spravedlnosti 2516, 530 47 Pardubice",974566111,974566219,pauovssekr@mvcr.cz
170610,OOP Lázně Bohdaneč ,"Na Lužci 718, 533 41 Lázně Bohdaneč ",974566771,974566778,paooplabo@mvcr.cz
170612,OOP Holice,"Hradecká 1036, 534 01 Holice v Čechách",974566751,974566758,paoophol@mvcr.cz  
170613,OOP Pardubice 1,"Na Spravedlnosti 2516, 530 47 Pardubice",974566651,974566663,paoop1@mvcr.cz  
170614,OOP Pardubice 2,"Prodloužená 285, 530 09 Pardubice",974566701,974566708,paoop2@mvcr.cz
170615,OOP Chvaletice,"Obránců Míru 147, 533 12 Chvaletice",974566761,974566768,paoopchval@mvcr.cz
170616,OOP Přelouč,"Pražská 20, 535 01 Přelouč",974566781,974566788,paoopprel@mvcr.cz
170619,OOP Pardubice 3,"Jana Zajíce 946, 530 12 Pardubice ",974566721,974566728,paoop3@mvcr.cz
170621,OOP Pardubice 4,"Rožkova 2757, 530 02 Pardubice",974566731,974566738,paoop4@mvcr.cz
1709,Územní odbor Svitavy,"Purkyňova 2, 568 02 Svitavy",974578111,974578900,pcrkrsy@mvcr.cz
170914,OOP Litomyšl,"Vodní Valy 1142, 570 01 Litomyšl ",974578711,974578718,syooplit@mvcr.cz
170916,OOP Moravská Třebová,"Komenského 52, 571 01 Moravská Třebová",974578721,974578728,syoopmotr@mvcr.cz  
170917,OOP Polička,"Wolkerova 620, 572 01 Polička",974578731,974578738,syooppol@mvcr.cz
170918,OOP Svitavy,"Vrchlického 2245/44, 568 02 Svitavy ",974578651,974578940,syoop@mvcr.cz  
1711,Územní odbor Ústí nad Orlicí ,"Dělnická 1188, 562 27 Ústí nad Orlicí",974580111,974580108,uovs@mvcr.cz
171110,OOP Česká Třebová ,"Nádražní 439, 560 02 Česká Třebová ",974580701,465533013,uooopcetr@mvcr.cz  
171111,OOP Choceň,"Dolní 261, 565 01 Choceň",465471531,465471949,uooopchoc@mvcr.cz
171113,OOP Králíky,"5. Května, 561 69 Králíky",974580721,465631426,uooopkral@mvcr.cz
171114,OOP Lanškroun,"Dukelských hrdinů 423, 563 01 Lanškroun",465321092,465323245,uoooplan@mvcr.cz
171115,OOP Ústí nad Orlicí ,"Letohradská 759, 562 01 Ústí nad Orlicí ",974580660,974580662,uoop@mvcr.cz
171116,OOP Vysoké Mýto ,"Generála Závady 176/IV, 566 01 Vysoké Mýto ",465420847,465420295,uooopvymy@mvcr.cz
171117,OOP Žamberk,"Husovo nábřeží 314, 564 01 Žamberk",974580751,974580758,uooopzam@mvcr.cz
171118,OOP Letohrad,"Požárníků 330, 561 51 Letohrad",465620432,465621663,uoooplet@mvcr.cz
1800,Krajské ředitelství policie Libereckého kraje,"Nám. Dr. E. Beneše 584/24, 460 32 Liberec",974461111,974461028,podatelna.krplb@mvcr.cz
1801,Územní odbor Česká Lípa,"Pod Holým vrchem 1734, 470 01 Česká Lípa",974471229,974471976,krcl@mvcr.cz
180110,OOP Cvikov,"Čsl. armády 136, 471 54 Cvikov",487751333,487752033,cl.oo.cvikov@pcr.cz
180111,OOP Česká Lípa,"Paní Zdislavy 299,470 01 Česká Lípa",974471760,974471972,cl.oo.ceskalipa@pcr.cz
180112,OOP Doksy,"Máchova 144, 472 01 Doksy",974471715,974471717,cl.oo.doksy@pcr.cz
180115,OOP Mimoň,"Mírová 129, 471 24 Mimoň",974471720,487862200,cl.oo.mimon@pcr.cz
180116,OOP Nový Bor,"T.G.Masaryka 7, 473 01 Nový Bor",974471710,487727385,cl.oo.novybor@pcr.cz
180117,OOP Stráž pod Ralskem,"nám. 5. května 250, 471 27 Stráž pod Ralskem",974471725,974471727,cl.oo.straz@pcr.cz
180120,OOP Žandov,"Náměstí 133, 471 07 Žandov",974471620,974471621,cl.oo.zandov@pcr.cz
180121,OOP Jablonné v Podještědí,"Alšova 333, 471 25 Jablonné v Podještědí",487762333,487762416,cl.oo.jablonne@pcr.cz
1804,Územní odbor Jablonec nad Nisou,"28. října 10, 466 73 Jablonec nad Nisou",974474229,974474900,krjn@mvcr.cz 
180410,OOP Jablonec nad Nisou,"5.května 60, 466 73 Jablonec nad Nisou",974474651,974474903,jn.oo.jablonec@pcr.cz
180411,OOP Jablonec nad Nisou - Mšeno,"Mládí 2, 466 04 Jablonec n.N.-Mšeno",974474741,974474740, jn.oo.mseno@pcr.cz
180412,OOP Rychnov u Jablonce nad Nisou,"Sokolská 549, 468 02 Rychnov u Jablonce n.N.",974474721,483388952,jn.oo.rychnov@pcr.cz 
180413,OOP Smržovka,"LIdické náměstí 730, 468 51 Smržovka",974480600,483382226,jn.oo.smrzovka@pcr.cz
180414,OOP Tavald,"Poštovní 242, 468 41 Tanvald",974480200,974480208, jn.oo.tanvald@pcr.cz
180416,OOP Železný Brod,"Vaněčkova 729, 468 22 Železný Brod",974480300,974480308,jn.oo.zeleznybrod@pcr.cz
1805,Územní odbor Liberec,"Pastýřská 3, 460 74 Liberec",974466229,974466902,redlbc@mvcr.cz
180510,OOP Český Dub,"17. listopadu 51, 463 43 Český Dub",974466771,485147233,lb.oo.ceskydub@pcr.cz
180511,OOP Frýdlant,"Úzká 1259, 464 01 Frýdlant",974473300,974473308,lb.oo.frydlant@pcr.cz
180512,OOP Hejnice,"Lázeňská 381, 463 62 Hejnice",974473501,482322158,lb.oo.hejnice@pcr.cz
180513,OOP Chrastava,"Pobřežní 430, 463 31 Chrastava",974466736,974466736,lb.oo.chrastava@pcr.cz
180515,OOP Liberec - centrum,"Krajinská 487/13, 460 01 Liberec 1",974467100,974467108,lb.oo.centrum@pcr.cz
180516,OOP Liberec-Vápenka,"ul. 28. října 253/1, 460 07 Liberec 7",974467200,485152523,lb.oo.vapenka@pcr.cz
180518,OOP Liberec - Vesec,"Šumná 357, 463 12 Liberec 25",974466756,974466758,lb.oo.vesec@pcr.cz
180520,OOP Hrádek nad Nisou,"Husova 196, 463 34 Hrádek n/N",974466731,974466733,lb.oo.hradek@pcr.cz
180521,OOP Nové Město pod Smrkem,"Jindřichovická 145, 463 65 Nové Město p. S.",974473401,482325333,lb.oo.novemesto@pcr.cz
180522,OOP Liberec - Vratislavice,"Tanvaldská 50, 463 11 Liberec 30",974466761,974466768,lb.oo.vratislavice@pcr.cz
180526,OOP Hodkovice nad Mohelkou,"nám. T.G.Masaryka 1, 463 42 Hodkovice n. M.",974466726,485145170,lb.oo.hodkovice@pcr.cz
1811,Územní odbor Semily,"Vysocká 225, 513 15 Semily",974475111,974475228,pcrorsm@mvcr.cz  
181110,OOP Jilemnice,"Geologa Pošepného 380, 514 01 Jilemnice",974475711,481544855,sm.oo.jilemnice@pcr.cz
181111,OOP Lomnice nad Popelkou,"Husovo náměstí 36, 512 51 Lomnice nad Popelkou",974475701,974475708,sm.oo.lomnice@pcr.cz
181112,OOP Rokytnice nad Jizerou,"Dolní Rokytnice 359, 512 44 Rokytnice nad Jizerou",974475731,974475731, sm.oo.rokytnice@pcr.cz
181114,OOP Semily,"Vysocká 225, 513 01 Semily",974475651,974475658,sm.oo.semily@pcr.cz
181116,OOP Turnov,"Žižkova ul., 511 01 Turnov",974475721,974475728, sm.oo.turnov@pcr.cz
181118,OOP Harrachov,"Harrachov 102, 512 46 Harrachov",974475741,974475741,sm.oo.harrachov@pcr.cz 
1900,Krajské ředitelství policie Karlovarského kraje,"Závodní 386/100, 360 06 Karlovy Vary",974361111,353540656,pcrkrkv@mvcr.cz
1902,Územní odbor Cheb,"Valdštejnova 4, 350 15 Cheb",974361111,974372236,uocheb@mvcr.cz
190210,OOP Aš,"Gustava Geipela 2, 352 01 Aš",974372720,354526158,ch.oop.as@pcr.cz
190211,OOP Františkovy Lázně,"Americká 16, 351 01 Františkovy Lázně",974372730,354542436,ch.oop.flazne@pcr.cz
190213,OOP Cheb-město,"Hvězdoslavovo nám. 4, 350 15 Cheb",974372700,974372708,  ch.oop.cheb-mesto@pcr.cz
190215,OOP Mariánské Lázně,"Hlavní třída 64, 353 01 Mariánské Lázně",974372750,354622097,ch.oop.mlazne@pcr.cz
190217,OOP Plesná,"5. května 219, 351 35 Plesná",974372740,354596758,ch.oop.plesna@pcr.cz
190220,OOP Cheb-venkov,"Žižkova 17, 350 15 Cheb ",974372710,354423351,ch.oop.cheb-venkov@pcr.cz
1903,Územní odbor Karlovy Vary,"Závodní 386/100, 360 06 Karlovy Vary",974361111,974366218,orkv@mvcr.cz
190310,OOP Bečov,"Nová 339, 364 64 Bečov nad Teplou",974366701,974366708,kv.oop.becov@pcr.cz
190311,OOP Bochov,"Pražská 250, 364 71 Bochov",974366711,974366718,kv.oop.bochov@pcr.cz
190312,OOP Jáchymov,"Dukelských hrdinů 441, 362 51 Jáchymov",974366721,974366728,kv.oop.jachymov@pcr.cz 
190313,OOP Karlovy Vary - město," Vítězná 927/6, 361 15 Karlovy Vary",974366535,974366538,kv.oop.kv-mesto@pcr.cz
190314,OOP Karlovy Vary - Rybáře,"Rolavská 386, 360 17 Karlovy Vary-Stará Role",974366611,353565563,kv.oop.kv-rybare@pcr.cz
190316,OOP Nejdek,"Bratří Čapků 640, 362 21 Nejdek",974366741,353826748,kv.oop.nejdek@pcr.cz 
190317,OOP Nová Role,"U plynárny 309, 362 25 Nová Role",974366751,974366758,kv.oop.nrole@pcr.cz 
190318,OOP Ostrov,"Hlavní třída, 363 30 Ostrov",974366911,353844277,kv.oop.ostrov@pcr.cz
190319,OOP Pernink,"Karlovarská 172, 362 36 Pernink",974366761,974366768,kv.oop.pernink@pcr.cz
190320,OOP Teplá,"Masarykovo nám. 15, 364 61 Teplá",974366771,974366778,kv.oop.tepla@pcr.cz
190321,OOP Toužim,"Plzeňská 387, 364 11 Toužim",974366781,353311013,kv.oop.touzim@pcr.cz
190322,OOP Žlutice,"Velké nám. 142, 364 52 Žlutice",974366791,974366798,kv.oop.zlutice@pcr.cz
1909,Územní odbor Sokolov,"Dobrovského 1935, 356 01 Sokolov",974376221,974361111,soskpv1@mvcr.cz
190911,OOP Habartov,"Přátelství 112, 357 09 Habartov ",974376710,352682050,so.oop.habartov@pcr.cz
190912,OOP Horní Slavkov,"Pluhova 213, 357 31 Horní Slavkov ",974376720,352688334,so.oop.hslavkov@pcr.cz 
190913,OOP Chodov,"Staroměstská 18, 357 35 Chodov",974376730,352665334,so.oop.chodov@pcr.cz 
190914,OOP Kraslice,"nám. TGM 76, 358 01 Kraslice ",974376740,352686334,so.oop.kraslice@pcr.cz 
190915,OOP Kynšperk nad Ohří,"Školní 775, 357 51 Kynšperk nad Ohří ",974376750,352693598,so.oop.kynsperk@pcr.cz 
190916,OOP Loket nad Ohří,"Zahradní 223/50, 357 33 Loket nad Ohří ",974376760,352684458,so.oop.loket@pcr.cz
190917,OOP Rotava,"Sídliště 602, 357 01 Rotava ",974376770,352678333,so.oop.rotava@pcr.cz 
190918,OOP Sokolov-město,"Hornická 2047, 356 15 Sokolov",974376600,974 376 602      ,so.oop.sokolov-město@pcr.cz
190919,OOP Sokolov-venkov,"Dobrovského 1936, 356 15 Dolní Rychnov",974376521,974376538,so.oop.sokolov-venkov@pcr.cz