"KOD_ZSJ","MOP"
396,"OOP Slezská Ostrava"
1520,"MOP Újezd nad Lesy Praha III."
1538,"MOP Újezd nad Lesy Praha III."
2585,"MOP Uhříněves Praha IV."
8508,"OOP Brno - výstaviště"
10006,"OOP Brno - střed"
10014,"OOP Brno - střed"
10022,"OOP Brno - střed"
10031,"OOP Brno - střed"
10049,"OOP Brno - střed"
10057,"OOP Brno - střed"
10065,"OOP Brno - střed"
10073,"OOP Brno - střed"
10081,"OOP Brno - Žabovřesky"
10090,"OOP Brno - Žabovřesky"
10103,"OOP Brno - výstaviště"
10111,"OOP Brno - výstaviště"
10120,"OOP Brno - výstaviště"
10138,"OOP Brno - výstaviště"
10146,"OOP Brno - výstaviště"
10154,"OOP Brno - výstaviště"
10162,"OOP Brno - výstaviště"
10171,"OOP Brno - výstaviště"
10189,"OOP Brno - výstaviště"
10197,"OOP Brno - Žabovřesky"
10201,"OOP Brno - výstaviště"
10219,"OOP Brno - Žabovřesky"
10227,"OOP Brno - Žabovřesky"
10235,"OOP Brno - výstaviště"
10243,"OOP Brno - výstaviště"
10251,"OOP Brno - výstaviště"
10260,"OOP Brno - výstaviště"
10278,"OOP Brno - výstaviště"
10286,"OOP Brno - výstaviště"
10294,"OOP Brno - výstaviště"
10308,"OOP Brno - výstaviště"
10316,"OOP Brno - výstaviště"
10324,"OOP Brno - Žabovřesky"
10332,"OOP Brno - Žabovřesky"
10341,"OOP Brno - Žabovřesky"
10359,"OOP Brno - Žabovřesky"
10367,"OOP Brno - Žabovřesky"
10375,"OOP Brno - Žabovřesky"
10383,"OOP Brno - Žabovřesky"
10391,"OOP Brno - Žabovřesky"
10405,"OOP Brno - Žabovřesky"
10413,"OOP Brno - Žabovřesky"
10421,"OOP Brno - Žabovřesky"
10430,"OOP Brno - Žabovřesky"
10448,"OOP Brno - Žabovřesky"
10456,"OOP Brno - Žabovřesky"
10464,"OOP Brno - Žabovřesky"
10472,"OOP Brno - Žabovřesky"
10481,"OOP Brno - Žabovřesky"
10499,"OOP Brno - Žabovřesky"
10502,"OOP Brno - Žabovřesky"
10511,"OOP Brno - Žabovřesky"
10529,"OOP Brno - Žabovřesky"
10537,"OOP Brno - Bystrc"
10545,"OOP Brno - Bystrc"
10553,"OOP Brno - Bystrc"
10561,"OOP Brno - Bystrc"
10570,"OOP Brno - Bystrc"
10588,"OOP Brno - Žabovřesky"
10596,"OOP Brno - Žabovřesky"
10600,"OOP Brno - Žabovřesky"
10618,"OOP Brno - Žabovřesky"
10626,"OOP Brno - Bystrc"
10634,"OOP Brno - Bystrc"
10642,"OOP Brno - Žabovřesky"
10651,"OOP Brno - Bystrc"
10669,"OOP Brno - Žabovřesky"
10677,"OOP Brno - sever"
10685,"OOP Brno - sever"
10693,"OOP Brno - sever"
10707,"OOP Brno - sever"
10715,"OOP Brno - sever"
10723,"OOP Brno - sever"
10731,"OOP Brno - sever"
10740,"OOP Brno - sever"
10758,"OOP Brno - sever"
10766,"OOP Brno - Královo Pole"
10774,"OOP Brno - sever"
10782,"OOP Brno - sever"
10791,"OOP Brno - sever"
10804,"OOP Brno - sever"
10812,"OOP Brno - sever"
10821,"OOP Brno - sever"
10839,"OOP Brno - sever"
10847,"OOP Brno - sever"
10855,"OOP Brno - sever"
10863,"OOP Brno - sever"
10871,"OOP Brno - sever"
10880,"OOP Brno - sever"
10898,"OOP Brno - sever"
10901,"OOP Brno - sever"
10910,"OOP Brno - sever"
10928,"OOP Brno - sever"
10936,"OOP Brno - sever"
10952,"OOP Brno - Židenice"
10961,"OOP Brno - Židenice"
10979,"OOP Brno - Komárov"
10987,"OOP Brno - Komárov"
10995,"OOP Brno - Komárov"
11011,"OOP Brno - Komárov"
11029,"OOP Brno - Komárov"
11037,"OOP Brno - Komárov"
11045,"OOP Brno - Komárov"
11053,"OOP Brno - Komárov"
11061,"OOP Brno - Komárov"
11070,"OOP Brno - Komárov"
11088,"OOP Brno - Židenice"
11096,"OOP Brno - Židenice"
11100,"OOP Brno - Židenice"
11118,"OOP Brno - Židenice"
11126,"OOP Brno - Židenice"
11134,"OOP Brno - Židenice"
11142,"OOP Brno - Židenice"
11151,"OOP Brno - Židenice"
11169,"OOP Brno - Židenice"
11185,"OOP Brno - Židenice"
11193,"OOP Brno - Židenice"
11207,"OOP Brno - Židenice"
11215,"OOP Brno - Židenice"
11223,"OOP Brno - Komárov"
11231,"OOP Brno - Komárov"
11240,"OOP Brno - Komárov"
11258,"OOP Brno - Komárov"
11266,"OOP Brno - Komárov"
11274,"OOP Brno - Komárov"
11282,"OOP Brno - Komárov"
11291,"OOP Brno - Komárov"
11304,"OOP Brno - Komárov"
11321,"OOP Brno - Židenice"
11339,"OOP Brno - Židenice"
11347,"OOP Brno - Královo Pole"
11363,"OOP Brno - Královo Pole"
11371,"OOP Brno - Královo Pole"
11380,"OOP Brno - Královo Pole"
11398,"OOP Brno - Královo Pole"
11401,"OOP Brno - Královo Pole"
11436,"OOP Brno - Královo Pole"
11444,"OOP Brno - Královo Pole"
11452,"OOP Brno - Královo Pole"
11461,"OOP Brno - Královo Pole"
11479,"OOP Brno - Královo Pole"
11487,"OOP Brno - sever"
11495,"OOP Brno - sever"
11509,"OOP Brno - Královo Pole"
11517,"OOP Brno - Královo Pole"
11525,"OOP Brno - Královo Pole"
11533,"OOP Brno - Královo Pole"
11541,"OOP Brno - Královo Pole"
11550,"OOP Brno - Královo Pole"
11568,"OOP Brno - Královo Pole"
11576,"OOP Brno - Královo Pole"
11584,"OOP Brno - Královo Pole"
11592,"OOP Brno - Královo Pole"
11606,"OOP Brno - Královo Pole"
11614,"OOP Brno - Královo Pole"
11622,"OOP Brno - Královo Pole"
11631,"OOP Brno - Královo Pole"
11649,"OOP Brno - Královo Pole"
11657,"OOP Brno - Královo Pole"
11665,"OOP Brno - Královo Pole"
11673,"OOP Brno - Královo Pole"
11681,"OOP Brno - Královo Pole"
11690,"OOP Brno - Královo Pole"
11703,"OOP Brno - Královo Pole"
11720,"OOP Brno - Královo Pole"
11738,"OOP Brno - Královo Pole"
11746,"OOP Brno - Královo Pole"
11754,"OOP Brno - Královo Pole"
11762,"OOP Brno - Královo Pole"
11771,"OOP Brno - Bystrc"
11789,"OOP Brno - Bystrc"
11797,"OOP Brno - Bystrc"
11801,"OOP Brno - Bystrc"
11819,"OOP Brno - Bystrc"
11827,"OOP Brno - Bystrc"
11835,"OOP Brno - Bystrc"
11843,"OOP Brno - Bystrc"
11851,"OOP Brno - Bystrc"
11860,"OOP Brno - Bystrc"
11878,"OOP Brno - Bystrc"
11886,"OOP Brno - Bystrc"
11894,"OOP Brno - Bystrc"
11908,"OOP Brno - Bystrc"
11916,"OOP Brno - Bystrc"
11924,"OOP Brno - Bystrc"
11932,"OOP Brno - Bystrc"
11941,"OOP Brno - Bystrc"
11959,"OOP Brno - Bystrc"
11967,"OOP Brno - výstaviště"
11975,"OOP Brno - výstaviště"
11983,"OOP Brno - výstaviště"
11991,"OOP Brno - výstaviště"
12009,"OOP Brno - výstaviště"
12017,"OOP Brno - výstaviště"
12033,"OOP Brno - výstaviště"
12041,"OOP Brno - výstaviště"
12050,"OOP Brno - výstaviště"
12068,"OOP Brno - Komárov"
12076,"OOP Brno - Komárov"
12084,"OOP Brno - Komárov"
12092,"OOP Brno - Komárov"
12106,"OOP Brno - Komárov"
12114,"OOP Brno - Komárov"
12122,"OOP Brno - Komárov"
12131,"OOP Brno - Komárov"
12149,"OOP Brno - Komárov"
12157,"OOP Brno - Komárov"
12165,"OOP Brno - Komárov"
12173,"OOP Brno - Komárov"
12190,"OOP Brno - Komárov"
12203,"OOP Brno - Komárov"
12211,"OOP Brno - Komárov"
12220,"OOP Brno - Komárov"
12238,"OOP Brno - Komárov"
12246,"OOP Brno - Komárov"
12271,"OOP Brno - Komárov"
12289,"OOP Brno - Židenice"
12301,"OOP Brno - Židenice"
12319,"OOP Brno - Židenice"
12327,"OOP Brno - Židenice"
12335,"OOP Brno - Židenice"
12343,"OOP Brno - Židenice"
12351,"OOP Brno - Židenice"
12360,"OOP Brno - Židenice"
12378,"OOP Brno - Židenice"
12386,"OOP Brno - Židenice"
12394,"OOP Brno - Židenice"
12408,"OOP Brno - Židenice"
12416,"OOP Brno - Židenice"
12424,"OOP Brno - Židenice"
12441,"OOP Brno - Židenice"
12459,"OOP Brno - Židenice"
12467,"OOP Brno - Židenice"
12475,"OOP Brno - Židenice"
12483,"OOP Brno - sever"
12491,"OOP Brno - sever"
12505,"OOP Brno - sever"
12513,"OOP Brno - sever"
12521,"OOP Brno - sever"
12530,"OOP Brno - sever"
12556,"OOP Brno - sever"
12564,"OOP Brno - sever"
12572,"OOP Brno - sever"
12581,"OOP Brno - sever"
12599,"OOP Brno - sever"
14133,"MOP Ďáblice Praha III."
18759,"OOP Ostrava - Poruba 2"
20109,"OOP Plzeň 2"
20117,"OOP Plzeň - Bory"
20125,"OOP Plzeň - Bory"
20362,"MOP Radotín Praha II."
21083,"OOP Plzeň 4"
29548,"OOP Ostrava - Poruba 2"
29955,"MOP Kyje Praha III."
29963,"MOP Kyje Praha III."
33332,"MOP Uhříněves Praha IV."
33898,"OOP Brno - Komárov"
42722,"OOP Vratimov"
43290,"OOP Ostrava - Poruba 2"
43303,"OOP Ostrava - Poruba 2"
43770,"MOP Horní Počernice Praha III."
43788,"MOP Horní Počernice Praha III."
43796,"MOP Horní Počernice Praha III."
46078,"OOP Ostrava - Přívoz"
46086,"OOP Ostrava - Přívoz"
52396,"MOP Modřany Praha IV."
52400,"MOP Modřany Praha IV."
54135,"OOP Brno - Komárov"
55859,"OOP Brno - Královo Pole"
58203,"OOP Brno - Královo Pole"
65447,"MOP Újezd nad Lesy Praha III."
66281,"OOP Ostrava - Poruba 1"
66290,"OOP Ostrava - Poruba 1"
66303,"OOP Ostrava - Poruba 1"
66311,"OOP Ostrava - Poruba 1"
66320,"OOP Ostrava - Poruba 1"
66338,"OOP Ostrava - Poruba 1"
67351,"OOP Slezská Ostrava"
67369,"OOP Slezská Ostrava"
68501,"MOP Újezd nad Lesy Praha III."
68594,"MOP Uhříněves Praha IV."
68608,"MOP Uhříněves Praha IV."
71056,"OOP Plzeň 2"
72621,"MOP Uhříněves Praha IV."
73725,"OOP Ostrava - Poruba 2"
76074,"MOP Uhříněves Praha IV."
76198,"OOP Plzeň - Skvrňany"
80942,"OOP Plzeň - Bory"
81451,"OOP Ostrava - Přívoz"
83968,"MOP Radotín Praha II."
83976,"MOP Radotín Praha II."
86428,"MOP Radotín Praha II."
90816,"OOP Plzeň - Skvrňany"
90824,"OOP Plzeň - Skvrňany"
102326,"MOP Uhříněves Praha IV."
104949,"OOP Ostrava - Hrabůvka"
107034,"OOP Bohumín"
107042,"OOP Bohumín"
107051,"OOP Bohumín"
107069,"OOP Bohumín"
107077,"OOP Bohumín"
107085,"OOP Bohumín"
107093,"OOP Bohumín"
107107,"OOP Bohumín"
107115,"OOP Bohumín"
107123,"OOP Bohumín"
107131,"OOP Bohumín"
109789,"OOP Ostrava - Poruba 1"
109797,"OOP Ostrava - Poruba 1"
109801,"OOP Ostrava - Poruba 1"
112682,"OOP Brno - Královo Pole"
113433,"OOP Ostrava - Přívoz"
113441,"OOP Ostrava - Přívoz"
113450,"OOP Ostrava - Přívoz"
113468,"OOP Ostrava - Přívoz"
113476,"OOP Ostrava - Přívoz"
113484,"OOP Ostrava - Přívoz"
113492,"OOP Ostrava - Přívoz"
113506,"OOP Ostrava - Přívoz"
113514,"OOP Ostrava - střed"
113522,"OOP Ostrava - střed"
113531,"OOP Ostrava - střed"
113549,"OOP Ostrava - Přívoz"
113557,"OOP Ostrava - střed"
113565,"OOP Ostrava - střed"
113573,"OOP Ostrava - střed"
113581,"OOP Ostrava - Vítkovice"
113590,"OOP Ostrava - Mariánské Hory"
113603,"OOP Ostrava - Mariánské Hory"
113611,"OOP Ostrava - Mariánské Hory"
113620,"OOP Ostrava - Mariánské Hory"
113638,"OOP Ostrava - Mariánské Hory"
113646,"OOP Ostrava - Mariánské Hory"
113654,"OOP Ostrava - Mariánské Hory"
113662,"OOP Ostrava - Mariánské Hory"
113671,"OOP Ostrava - střed"
113689,"OOP Ostrava - Přívoz"
113697,"OOP Ostrava - Přívoz"
113701,"OOP Ostrava - Mariánské Hory"
113719,"OOP Ostrava - Mariánské Hory"
113727,"OOP Ostrava - Přívoz"
113735,"OOP Ostrava - Přívoz"
113743,"OOP Ostrava - Přívoz"
113751,"OOP Ostrava - Přívoz"
113760,"OOP Ostrava - Přívoz"
113778,"OOP Ostrava - Přívoz"
113786,"OOP Ostrava - Přívoz"
113794,"OOP Ostrava - Přívoz"
113808,"OOP Ostrava - Přívoz"
113816,"OOP Ostrava - Přívoz"
113832,"OOP Ostrava - Mariánské Hory"
113841,"OOP Ostrava - Mariánské Hory"
113859,"OOP Ostrava - Mariánské Hory"
113867,"OOP Ostrava - Mariánské Hory"
113875,"OOP Ostrava - Mariánské Hory"
113883,"OOP Ostrava - Mariánské Hory"
113891,"OOP Ostrava - Mariánské Hory"
113905,"OOP Ostrava - Mariánské Hory"
113913,"OOP Ostrava - Mariánské Hory"
113921,"OOP Ostrava - Mariánské Hory"
113930,"OOP Ostrava - Mariánské Hory"
113948,"OOP Ostrava - Mariánské Hory"
113956,"OOP Ostrava - Mariánské Hory"
113964,"OOP Ostrava - Mariánské Hory"
113972,"OOP Ostrava - Mariánské Hory"
113981,"OOP Ostrava - Mariánské Hory"
113999,"OOP Ostrava - Mariánské Hory"
114006,"OOP Ostrava - Mariánské Hory"
114014,"OOP Ostrava - Vítkovice"
114022,"OOP Ostrava - Vítkovice"
114031,"OOP Ostrava - Vítkovice"
114049,"OOP Ostrava - Vítkovice"
114057,"OOP Ostrava - Vítkovice"
114065,"OOP Ostrava - Vítkovice"
114073,"OOP Ostrava - Vítkovice"
114081,"OOP Ostrava - Vítkovice"
114090,"OOP Ostrava - Vítkovice"
114103,"OOP Ostrava - Vítkovice"
114111,"OOP Ostrava - Vítkovice"
114120,"OOP Ostrava - Mariánské Hory"
114138,"OOP Ostrava - Vítkovice"
114146,"OOP Ostrava - Mariánské Hory"
114154,"OOP Ostrava - Mariánské Hory"
114162,"OOP Slezská Ostrava"
114171,"OOP Slezská Ostrava"
114189,"OOP Slezská Ostrava"
114197,"OOP Slezská Ostrava"
114201,"OOP Vratimov"
114219,"OOP Vratimov"
114227,"OOP Vratimov"
114235,"OOP Vratimov"
114243,"OOP Slezská Ostrava"
114251,"OOP Slezská Ostrava"
114260,"OOP Vratimov"
114278,"OOP Ostrava - Vítkovice"
114286,"OOP Ostrava - Hrabůvka"
114294,"OOP Ostrava - Zábřeh"
114308,"OOP Ostrava - Vítkovice"
114316,"OOP Ostrava - Vítkovice"
114324,"OOP Ostrava - Vítkovice"
114332,"OOP Ostrava - Vítkovice"
114341,"OOP Ostrava - Zábřeh"
114359,"OOP Ostrava - Zábřeh"
114367,"OOP Ostrava - Zábřeh"
114375,"OOP Ostrava - Zábřeh"
114383,"OOP Ostrava - Zábřeh"
114391,"OOP Ostrava - Zábřeh"
114405,"OOP Ostrava - Zábřeh"
114413,"OOP Ostrava - Zábřeh"
114421,"OOP Ostrava - Zábřeh"
114430,"OOP Ostrava - Zábřeh"
114448,"OOP Ostrava - Zábřeh"
114456,"OOP Ostrava - Zábřeh"
114464,"OOP Ostrava - Hrabůvka"
114472,"OOP Ostrava - Hrabůvka"
114481,"OOP Ostrava - Hrabůvka"
114499,"OOP Ostrava - Hrabůvka"
114502,"OOP Ostrava - Hrabůvka"
114511,"OOP Ostrava - Hrabůvka"
114529,"OOP Ostrava - Hrabůvka"
114537,"OOP Ostrava - Hrabůvka"
114545,"OOP Ostrava - Hrabůvka"
114553,"OOP Ostrava - Hrabůvka"
114561,"OOP Ostrava - Hrabůvka"
114570,"OOP Ostrava - Hrabůvka"
114588,"OOP Ostrava - Hrabůvka"
114596,"OOP Ostrava - Hrabůvka"
114600,"OOP Ostrava - Hrabůvka"
114618,"OOP Ostrava - Hrabůvka"
114626,"OOP Slezská Ostrava"
114634,"OOP Slezská Ostrava"
114642,"OOP Slezská Ostrava"
114651,"OOP Slezská Ostrava"
114669,"OOP Slezská Ostrava"
114677,"OOP Slezská Ostrava"
114685,"OOP Slezská Ostrava"
114693,"OOP Slezská Ostrava"
114707,"OOP Slezská Ostrava"
114715,"OOP Slezská Ostrava"
114723,"OOP Slezská Ostrava"
114731,"OOP Slezská Ostrava"
114740,"OOP Slezská Ostrava"
114758,"OOP Slezská Ostrava"
114766,"OOP Slezská Ostrava"
114774,"OOP Slezská Ostrava"
114782,"OOP Slezská Ostrava"
114791,"OOP Slezská Ostrava"
114804,"OOP Slezská Ostrava"
114812,"OOP Slezská Ostrava"
114821,"OOP Slezská Ostrava"
114839,"OOP Slezská Ostrava"
114847,"OOP Slezská Ostrava"
114855,"OOP Slezská Ostrava"
114863,"OOP Slezská Ostrava"
114871,"OOP Slezská Ostrava"
114880,"OOP Slezská Ostrava"
114898,"OOP Slezská Ostrava"
114901,"OOP Slezská Ostrava"
114910,"OOP Slezská Ostrava"
114928,"OOP Slezská Ostrava"
114936,"OOP Slezská Ostrava"
114944,"OOP Slezská Ostrava"
114952,"OOP Slezská Ostrava"
114961,"OOP Slezská Ostrava"
114979,"OOP Slezská Ostrava"
114987,"OOP Slezská Ostrava"
114995,"OOP Slezská Ostrava"
115002,"OOP Slezská Ostrava"
115011,"OOP Slezská Ostrava"
115029,"OOP Slezská Ostrava"
115037,"OOP Slezská Ostrava"
115045,"OOP Slezská Ostrava"
115053,"OOP Slezská Ostrava"
115061,"OOP Slezská Ostrava"
115070,"OOP Slezská Ostrava"
115088,"OOP Vratimov"
115096,"OOP Vratimov"
115100,"OOP Slezská Ostrava"
115118,"OOP Slezská Ostrava"
115126,"OOP Slezská Ostrava"
115134,"OOP Ostrava - Poruba 1"
115142,"OOP Ostrava - Poruba 1"
115151,"OOP Ostrava - Poruba 1"
115169,"OOP Ostrava - Poruba 1"
115177,"OOP Ostrava - Poruba 1"
115185,"OOP Ostrava - Poruba 1"
115193,"OOP Ostrava - Poruba 1"
115207,"OOP Ostrava - Poruba 1"
115215,"OOP Ostrava - Poruba 1"
115223,"OOP Ostrava - Poruba 2"
115231,"OOP Ostrava - Poruba 2"
115240,"OOP Ostrava - Poruba 1"
115258,"OOP Ostrava - Poruba 1"
115266,"OOP Ostrava - Poruba 2"
115274,"OOP Ostrava - Poruba 2"
115282,"OOP Ostrava - Poruba 2"
115291,"OOP Ostrava - Poruba 2"
115304,"OOP Ostrava - Poruba 2"
115312,"OOP Ostrava - Poruba 2"
115321,"OOP Ostrava - Poruba 2"
115339,"OOP Ostrava - Poruba 2"
115347,"OOP Ostrava - Poruba 2"
115355,"OOP Ostrava - Poruba 2"
115363,"OOP Ostrava - Poruba 2"
115371,"OOP Ostrava - Poruba 2"
115380,"OOP Ostrava - Poruba 2"
115398,"OOP Ostrava - Poruba 2"
115401,"OOP Ostrava - Poruba 2"
115410,"OOP Ostrava - Poruba 2"
115428,"OOP Ostrava - Poruba 2"
115436,"OOP Ostrava - Poruba 2"
115444,"OOP Ostrava - Poruba 2"
115452,"OOP Ostrava - Poruba 1"
115461,"OOP Ostrava - Poruba 1"
115479,"OOP Ostrava - Poruba 1"
115487,"OOP Ostrava - Poruba 1"
115495,"OOP Ostrava - Poruba 1"
115509,"OOP Ostrava - Poruba 1"
115517,"OOP Ostrava - Poruba 1"
115525,"OOP Ostrava - Poruba 1"
115533,"OOP Ostrava - Poruba 2"
115541,"OOP Ostrava - Poruba 1"
115550,"OOP Ostrava - Poruba 1"
115568,"OOP Ostrava - Poruba 1"
115576,"OOP Ostrava - Poruba 1"
115584,"OOP Ostrava - Zábřeh"
115592,"OOP Ostrava - Zábřeh"
115606,"OOP Ostrava - Zábřeh"
115614,"OOP Ostrava - Zábřeh"
115622,"OOP Ostrava - Zábřeh"
115631,"OOP Ostrava - Zábřeh"
120472,"OOP Ostrava - Přívoz"
120481,"OOP Petřvald"
120987,"MOP Lhotka Praha IV."
121665,"OOP Ostrava - Poruba 2"
121673,"OOP Ostrava - Poruba 2"
121681,"OOP Ostrava - Poruba 2"
121983,"OOP Plzeň - střed"
121991,"OOP Plzeň - střed"
122009,"OOP Plzeň - střed"
122017,"OOP Plzeň - střed"
122025,"OOP Plzeň - střed"
122033,"OOP Plzeň - Vinice"
122041,"OOP Plzeň - Vinice"
122050,"OOP Plzeň - Vinice"
122068,"OOP Plzeň - střed"
122076,"OOP Plzeň - střed"
122084,"OOP Plzeň - střed"
122092,"OOP Plzeň - střed"
122106,"OOP Plzeň 1"
122114,"OOP Plzeň 1"
122122,"OOP Plzeň 1"
122131,"OOP Plzeň - Vinice"
122149,"OOP Plzeň - Vinice"
122157,"OOP Plzeň 1"
122165,"OOP Plzeň - Vinice"
122173,"OOP Plzeň - Vinice"
122181,"OOP Plzeň 1"
122190,"OOP Plzeň 2"
122203,"OOP Plzeň 2"
122211,"OOP Plzeň 2"
122220,"OOP Plzeň 2"
122238,"OOP Plzeň 2"
122246,"OOP Plzeň 2"
122254,"OOP Plzeň 2"
122262,"OOP Plzeň 2"
122271,"OOP Plzeň 2"
122289,"OOP Plzeň 2"
122297,"OOP Plzeň 2"
122301,"OOP Plzeň 2"
122319,"OOP Plzeň 2"
122327,"OOP Plzeň 2"
122335,"OOP Plzeň 2"
122343,"OOP Plzeň 2"
122351,"OOP Plzeň 2"
122360,"OOP Plzeň 2"
122378,"OOP Plzeň - Bory"
122386,"OOP Plzeň - Bory"
122394,"OOP Plzeň - Bory"
122408,"OOP Plzeň - Bory"
122416,"OOP Plzeň - Bory"
122424,"OOP Plzeň - Bory"
122432,"OOP Plzeň - Bory"
122441,"OOP Plzeň - Bory"
122459,"OOP Plzeň - Bory"
122467,"OOP Plzeň - Bory"
122475,"OOP Plzeň - Bory"
122483,"OOP Plzeň - Bory"
122491,"OOP Plzeň - Bory"
122505,"OOP Plzeň - Bory"
122513,"OOP Plzeň - Bory"
122521,"OOP Plzeň - Bory"
122530,"OOP Plzeň - Bory"
122556,"OOP Plzeň - Skvrňany"
122564,"OOP Plzeň - Skvrňany"
122572,"OOP Plzeň - Skvrňany"
122581,"OOP Plzeň - Skvrňany"
122599,"OOP Plzeň - Skvrňany"
122602,"OOP Plzeň - Skvrňany"
122611,"OOP Plzeň 4"
122629,"OOP Plzeň 4"
122637,"OOP Plzeň 4"
122645,"OOP Plzeň 4"
122653,"OOP Plzeň 4"
122661,"OOP Plzeň 4"
122670,"OOP Plzeň 4"
122688,"OOP Plzeň 4"
122696,"OOP Plzeň 4"
122700,"OOP Plzeň 4"
122718,"OOP Plzeň 4"
122726,"OOP Plzeň 4"
122734,"OOP Plzeň 4"
122742,"OOP Plzeň - Bory"
125075,"OOP Ostrava - Poruba 1"
125083,"OOP Ostrava - Poruba 1"
126993,"MOP Bartolomějská Praha I."
127001,"MOP Benediktská Praha I."
127019,"MOP Benediktská Praha I."
127027,"MOP Benediktská Praha I."
127035,"MOP Benediktská Praha I."
127043,"OŽP Masarykovo nádraží Praha I."
127051,"MOP Benediktská Praha I."
127060,"MOP Wilsonovo nádraží Praha I."
127078,"MOP Krakovská Praha I."
127086,"MOP Bartolomějská Praha I."
127094,"MOP Malá Strana Praha I."
127108,"MOP Malá Strana Praha I."
127116,"MOP Malá Strana Praha I."
127124,"MOP Malá Strana Praha I."
127132,"MOP Malá Strana Praha I."
127141,"MOP Malá Strana Praha I."
127159,"MOP Letná Praha I."
127167,"MOP Vinohrady Praha II."
127175,"MOP Vinohrady Praha II."
127183,"MOP Nové Město Praha II."
127191,"MOP Nové Město Praha II."
127205,"MOP Vinohrady Praha II."
127213,"MOP Wilsonovo nádraží Praha I."
127221,"MOP Vinohrady Praha II."
127230,"MOP Vinohrady Praha II."
127248,"MOP Vinohrady Praha II."
127256,"MOP Vinohrady Praha II."
127264,"MOP Vinohrady Praha II."
127272,"MOP Vinohrady Praha II."
127281,"MOP Nové Město Praha II."
127299,"MOP Nové Město Praha II."
127302,"MOP Nové Město Praha II."
127311,"MOP Nové Město Praha II."
127329,"MOP Nové Město Praha II."
127337,"MOP Jarov Praha III."
127345,"MOP Jarov Praha III."
127353,"MOP Jarov Praha III."
127361,"MOP Jarov Praha III."
127370,"MOP Žižkov Praha III."
127388,"MOP Žižkov Praha III."
127396,"MOP Žižkov Praha III."
127400,"MOP Karlín Praha III."
127418,"MOP Jarov Praha III."
127426,"MOP Jarov Praha III."
127434,"MOP Vysočany Praha III."
127442,"MOP Jarov Praha III."
127451,"MOP Jarov Praha III."
127469,"MOP Jarov Praha III."
127485,"MOP Jarov Praha III."
127493,"MOP Jarov Praha III."
127507,"MOP Jarov Praha III."
127515,"MOP Žižkov Praha III."
127523,"MOP Žižkov Praha III."
127531,"MOP Žižkov Praha III."
127540,"MOP Žižkov Praha III."
127558,"MOP Žižkov Praha III."
127566,"MOP Žižkov Praha III."
127574,"MOP Žižkov Praha III."
127582,"MOP Žižkov Praha III."
127591,"MOP Podolí Praha IV."
127604,"MOP Podolí Praha IV."
127612,"MOP Podolí Praha IV."
127621,"MOP Podolí Praha IV."
127639,"MOP Pankrác Praha IV."
127647,"MOP Pankrác Praha IV."
127655,"MOP Lhotka Praha IV."
127663,"MOP Lhotka Praha IV."
127671,"MOP Podolí Praha IV."
127680,"MOP Podolí Praha IV."
127698,"MOP Podolí Praha IV."
127701,"MOP Podolí Praha IV."
127710,"MOP Podolí Praha IV."
127728,"MOP Pankrác Praha IV."
127736,"MOP Pankrác Praha IV."
127744,"MOP Nusle Praha IV."
127752,"MOP Nusle Praha IV."
127761,"MOP Spořilov Praha IV."
127779,"MOP Spořilov Praha IV."
127787,"MOP Lhotka Praha IV."
127795,"MOP Modřany Praha IV."
127809,"MOP Lhotka Praha IV."
127817,"MOP Lhotka Praha IV."
127825,"MOP Lhotka Praha IV."
127833,"MOP Modřany Praha IV."
127841,"MOP Modřany Praha IV."
127850,"MOP Modřany Praha IV."
127868,"MOP Modřany Praha IV."
127876,"MOP Podolí Praha IV."
127884,"MOP Podolí Praha IV."
127892,"MOP Podolí Praha IV."
127906,"MOP Pankrác Praha IV."
127914,"MOP Pankrác Praha IV."
127922,"MOP Pankrác Praha IV."
127931,"MOP Pankrác Praha IV."
127949,"MOP Pankrác Praha IV."
127957,"MOP Nusle Praha IV."
127965,"MOP Nusle Praha IV."
127973,"MOP Spořilov Praha IV."
127981,"MOP Spořilov Praha IV."
127990,"MOP Spořilov Praha IV."
128007,"MOP Spořilov Praha IV."
128015,"MOP Spořilov Praha IV."
128023,"MOP Spořilov Praha IV."
128031,"MOP Lhotka Praha IV."
128040,"MOP Spořilov Praha IV."
128058,"MOP Lhotka Praha IV."
128066,"MOP Lhotka Praha IV."
128074,"MOP Lhotka Praha IV."
128082,"MOP Modřany Praha IV."
128091,"MOP Modřany Praha IV."
128104,"MOP Modřany Praha IV."
128112,"MOP Podolí Praha IV."
128121,"MOP Podolí Praha IV."
128139,"MOP Podolí Praha IV."
128147,"MOP Pankrác Praha IV."
128155,"MOP Pankrác Praha IV."
128163,"MOP Nusle Praha IV."
128171,"MOP Nusle Praha IV."
128180,"MOP Nusle Praha IV."
128198,"MOP Nusle Praha IV."
128201,"MOP Spořilov Praha IV."
128210,"MOP Spořilov Praha IV."
128228,"MOP Jižní Město 1 Praha IV."
128236,"MOP Jižní Město 1 Praha IV."
128244,"MOP Jižní Město 1 Praha IV."
128252,"MOP Jižní Město 1 Praha IV."
128261,"MOP Jižní Město 1 Praha IV."
128279,"MOP Jižní Město 1 Praha IV."
128287,"MOP Jižní Město 1 Praha IV."
128295,"MOP Jižní Město 1 Praha IV."
128309,"MOP Jižní Město 1 Praha IV."
128317,"MOP Lhotka Praha IV."
128325,"MOP Lhotka Praha IV."
128333,"MOP Jižní Město 1 Praha IV."
128368,"MOP Lhotka Praha IV."
128376,"MOP Lhotka Praha IV."
128384,"MOP Lhotka Praha IV."
128392,"MOP Lhotka Praha IV."
128406,"MOP Lhotka Praha IV."
128414,"MOP Lhotka Praha IV."
128422,"MOP Lhotka Praha IV."
128431,"MOP Lhotka Praha IV."
128449,"MOP Modřany Praha IV."
128457,"MOP Lhotka Praha IV."
128465,"MOP Modřany Praha IV."
128473,"MOP Modřany Praha IV."
128481,"MOP Modřany Praha IV."
128490,"MOP Modřany Praha IV."
128503,"MOP Modřany Praha IV."
128511,"MOP Modřany Praha IV."
128520,"MOP Modřany Praha IV."
128538,"MOP Modřany Praha IV."
128546,"MOP Modřany Praha IV."
128554,"MOP Modřany Praha IV."
128562,"MOP Modřany Praha IV."
128571,"MOP Modřany Praha IV."
128589,"MOP Modřany Praha IV."
128597,"MOP Modřany Praha IV."
128601,"MOP Modřany Praha IV."
128619,"MOP Modřany Praha IV."
128627,"MOP Modřany Praha IV."
128643,"MOP Smíchov Praha II."
128651,"MOP Košíře Praha II."
128660,"MOP Košíře Praha II."
128678,"MOP Košíře Praha II."
128686,"MOP Smíchov Praha II."
128694,"MOP Smíchov Praha II."
128708,"MOP Smíchov Praha II."
128716,"MOP Barrandov Praha II."
128724,"MOP Košíře Praha II."
128732,"MOP Košíře Praha II."
128741,"MOP Košíře Praha II."
128759,"MOP Košíře Praha II."
128767,"MOP Košíře Praha II."
128775,"MOP Košíře Praha II."
128783,"MOP Košíře Praha II."
128791,"MOP Smíchov Praha II."
128805,"MOP Smíchov Praha II."
128813,"MOP Smíchov Praha II."
128821,"MOP Smíchovské nádraží"
128830,"MOP Barrandov Praha II."
128848,"MOP Barrandov Praha II."
128856,"MOP Košíře Praha II."
128864,"MOP Stodůlky Praha II."
128872,"MOP Košíře Praha II."
128881,"MOP Košíře Praha II."
128899,"MOP Košíře Praha II."
128902,"MOP Košíře Praha II."
128911,"MOP Košíře Praha II."
128937,"MOP Zličín Praha II."
128945,"MOP Košíře Praha II."
128953,"MOP Košíře Praha II."
128961,"MOP Košíře Praha II."
128970,"MOP Košíře Praha II."
128988,"MOP Košíře Praha II."
128996,"MOP Břevnov Praha I."
129003,"MOP Košíře Praha II."
129011,"MOP Košíře Praha II."
129020,"MOP Smíchov Praha II."
129038,"MOP Malá Strana Praha I."
129046,"MOP Smíchov Praha II."
129054,"MOP Smíchov Praha II."
129062,"MOP Smíchov Praha II."
129071,"MOP Smíchov Praha II."
129089,"MOP Smíchov Praha II."
129097,"MOP Smíchov Praha II."
129101,"MOP Barrandov Praha II."
129119,"MOP Barrandov Praha II."
129127,"MOP Barrandov Praha II."
129135,"MOP Stodůlky Praha II."
129143,"MOP Barrandov Praha II."
129151,"MOP Barrandov Praha II."
129160,"MOP Barrandov Praha II."
129178,"MOP Barrandov Praha II."
129186,"MOP Barrandov Praha II."
129194,"MOP Barrandov Praha II."
129208,"MOP Barrandov Praha II."
129216,"MOP Barrandov Praha II."
129224,"MOP Barrandov Praha II."
129232,"MOP Barrandov Praha II."
129241,"MOP Radotín Praha II."
129259,"MOP Vokovice Praha I."
129267,"MOP Vokovice Praha I."
129275,"MOP Vokovice Praha I."
129283,"MOP Vokovice Praha I."
129291,"MOP Dejvice Praha I."
129305,"MOP Břevnov Praha I."
129313,"MOP Břevnov Praha I."
129321,"MOP Břevnov Praha I."
129330,"MOP Břevnov Praha I."
129348,"MOP Břevnov Praha I."
129356,"MOP Vokovice Praha I."
129364,"MOP Břevnov Praha I."
129372,"MOP Břevnov Praha I."
129381,"MOP Břevnov Praha I."
129399,"MOP Vokovice Praha I."
129402,"MOP Vokovice Praha I."
129411,"MOP Vokovice Praha I."
129429,"MOP Vokovice Praha I."
129437,"MOP Vokovice Praha I."
129445,"MOP Vokovice Praha I."
129453,"MOP Dejvice Praha I."
129461,"MOP Dejvice Praha I."
129470,"MOP Dejvice Praha I."
129488,"MOP Dejvice Praha I."
129496,"MOP Dejvice Praha I."
129500,"MOP Dejvice Praha I."
129518,"MOP Dejvice Praha I."
129526,"MOP Dejvice Praha I."
129534,"MOP Dejvice Praha I."
129542,"MOP Dejvice Praha I."
129551,"MOP Dejvice Praha I."
129569,"MOP Břevnov Praha I."
129585,"MOP Břevnov Praha I."
129593,"MOP Břevnov Praha I."
129607,"MOP Břevnov Praha I."
129615,"MOP Břevnov Praha I."
129631,"MOP Břevnov Praha I."
129640,"MOP Břevnov Praha I."
129658,"MOP Řepy Praha I."
129666,"MOP Řepy Praha I."
129674,"MOP Řepy Praha I."
129704,"MOP Řepy Praha I."
129712,"MOP Břevnov Praha I."
129721,"MOP Břevnov Praha I."
129739,"MOP Břevnov Praha I."
129747,"MOP Ruzyně Praha I."
129755,"MOP Ruzyně Praha I."
129763,"MOP Ruzyně Praha I."
129780,"MOP Břevnov Praha I."
129798,"MOP Ruzyně Praha I."
129801,"MOP Ruzyně Praha I."
129810,"MOP Ruzyně Praha I."
129828,"MOP Ruzyně Praha I."
129836,"MOP Ruzyně Praha I."
129844,"MOP Vokovice Praha I."
129852,"MOP Vokovice Praha I."
129861,"MOP Vokovice Praha I."
129879,"MOP Vokovice Praha I."
129887,"MOP Vokovice Praha I."
129895,"MOP Vokovice Praha I."
129917,"MOP Dejvice Praha I."
129925,"MOP Dejvice Praha I."
129933,"MOP Dejvice Praha I."
129941,"MOP Dejvice Praha I."
129950,"MOP Dejvice Praha I."
129968,"MOP Dejvice Praha I."
129984,"MOP Dejvice Praha I."
129992,"MOP Dejvice Praha I."
130001,"MOP Dejvice Praha I."
130010,"MOP Dejvice Praha I."
130028,"MOP Dejvice Praha I."
130036,"MOP Dejvice Praha I."
130044,"MOP Dejvice Praha I."
130052,"MOP Dejvice Praha I."
130061,"MOP Dejvice Praha I."
130079,"MOP Dejvice Praha I."
130087,"MOP Dejvice Praha I."
130095,"MOP Dejvice Praha I."
130109,"MOP Dejvice Praha I."
130117,"OŽP Holešovice Praha I."
130125,"MOP Letná Praha I."
130133,"MOP Letná Praha I."
130141,"MOP Letná Praha I."
130168,"MOP Výstaviště Praha I."
130176,"MOP Výstaviště Praha I."
130184,"MOP Výstaviště Praha I."
130192,"MOP Výstaviště Praha I."
130206,"MOP Výstaviště Praha I."
130214,"MOP Výstaviště Praha I."
130222,"MOP Kobylisy Praha III."
130231,"OŽP Holešovice Praha I."
130249,"OŽP Holešovice Praha I."
130257,"MOP Holešovice Praha I."
130265,"MOP Holešovice Praha I."
130273,"MOP Holešovice Praha I."
130281,"MOP Holešovice Praha I."
130290,"MOP Holešovice Praha I."
130303,"MOP Letná Praha I."
130311,"MOP Letná Praha I."
130320,"MOP Letná Praha I."
130338,"MOP Kobylisy Praha III."
130346,"MOP Kobylisy Praha III."
130362,"MOP Kobylisy Praha III."
130371,"MOP Bohnice Praha III."
130397,"MOP Bohnice Praha III."
130401,"MOP Kobylisy Praha III."
130427,"MOP Ďáblice Praha III."
130435,"MOP Ďáblice Praha III."
130443,"MOP Ďáblice Praha III."
130478,"MOP Kobylisy Praha III."
130486,"MOP Kobylisy Praha III."
130508,"MOP Kobylisy Praha III."
130516,"MOP Kobylisy Praha III."
130524,"MOP Kobylisy Praha III."
130532,"MOP Bohnice Praha III."
130541,"MOP Bohnice Praha III."
130559,"MOP Bohnice Praha III."
130567,"MOP Bohnice Praha III."
130575,"MOP Bohnice Praha III."
130583,"MOP Bohnice Praha III."
130591,"MOP Kobylisy Praha III."
130605,"MOP Ďáblice Praha III."
130613,"MOP Ďáblice Praha III."
130621,"MOP Ďáblice Praha III."
130630,"MOP Ďáblice Praha III."
130648,"MOP Ďáblice Praha III."
130656,"MOP Kobylisy Praha III."
130672,"MOP Kobylisy Praha III."
130699,"MOP Kobylisy Praha III."
130702,"MOP Kobylisy Praha III."
130711,"MOP Kobylisy Praha III."
130729,"MOP Kobylisy Praha III."
130737,"MOP Kobylisy Praha III."
130745,"MOP Bohnice Praha III."
130753,"MOP Bohnice Praha III."
130761,"MOP Bohnice Praha III."
130770,"MOP Bohnice Praha III."
130788,"MOP Kobylisy Praha III."
130796,"MOP Bohnice Praha III."
130800,"MOP Kobylisy Praha III."
130818,"MOP Ďáblice Praha III."
130826,"MOP Ďáblice Praha III."
130834,"MOP Ďáblice Praha III."
130842,"MOP Ďáblice Praha III."
130851,"MOP Ďáblice Praha III."
130869,"MOP Libeň Praha III."
130877,"MOP Libeň Praha III."
130885,"MOP Libeň Praha III."
130893,"MOP Libeň Praha III."
130907,"MOP Libeň Praha III."
130915,"MOP Libeň Praha III."
130923,"MOP Libeň Praha III."
130931,"MOP Libeň Praha III."
130940,"MOP Libeň Praha III."
130958,"MOP Karlín Praha III."
130966,"MOP Karlín Praha III."
130974,"MOP Karlín Praha III."
130982,"MOP Karlín Praha III."
130991,"MOP Karlín Praha III."
131008,"MOP Libeň Praha III."
131016,"MOP Libeň Praha III."
131024,"MOP Prosek III."
131032,"MOP Kyje Praha III."
131041,"MOP Kyje Praha III."
131059,"MOP Kyje Praha III."
131067,"MOP Vysočany Praha III."
131091,"MOP Vysočany Praha III."
131105,"MOP Prosek III."
131113,"MOP Prosek III."
131121,"MOP Prosek III."
131130,"MOP Prosek III."
131148,"MOP Prosek III."
131156,"MOP Letňany Praha III."
131164,"MOP Prosek III."
131172,"MOP Letňany Praha III."
131181,"MOP Čakovice Praha III."
131199,"MOP Čakovice Praha III."
131202,"MOP Kyje Praha III."
131211,"MOP Kyje Praha III."
131229,"MOP Kyje Praha III."
131237,"MOP Kyje Praha III."
131245,"MOP Kyje Praha III."
131253,"MOP Kyje Praha III."
131261,"MOP Vysočany Praha III."
131270,"MOP Vysočany Praha III."
131288,"MOP Vysočany Praha III."
131296,"MOP Vysočany Praha III."
131300,"MOP Vysočany Praha III."
131318,"MOP Vysočany Praha III."
131326,"MOP Vysočany Praha III."
131334,"MOP Vysočany Praha III."
131342,"MOP Vysočany Praha III."
131351,"MOP Vysočany Praha III."
131369,"MOP Prosek III."
131377,"MOP Prosek III."
131385,"MOP Prosek III."
131393,"MOP Prosek III."
131407,"MOP Prosek III."
131415,"MOP Letňany Praha III."
131423,"MOP Letňany Praha III."
131431,"MOP Letňany Praha III."
131440,"MOP Letňany Praha III."
131458,"MOP Letňany Praha III."
131466,"MOP Čakovice Praha III."
131474,"MOP Čakovice Praha III."
131482,"MOP Čakovice Praha III."
131491,"MOP Čakovice Praha III."
131504,"MOP Čakovice Praha III."
131512,"MOP Čakovice Praha III."
131521,"MOP Čakovice Praha III."
131547,"MOP Čakovice Praha III."
131555,"MOP Čakovice Praha III."
131563,"MOP Čakovice Praha III."
131571,"MOP Čakovice Praha III."
131580,"MOP Čakovice Praha III."
131601,"MOP Čakovice Praha III."
131610,"MOP Čakovice Praha III."
131628,"MOP Čakovice Praha III."
131636,"MOP Čakovice Praha III."
131644,"MOP Čakovice Praha III."
131652,"MOP Čakovice Praha III."
131661,"MOP Kyje Praha III."
131679,"MOP Kyje Praha III."
131687,"MOP Kyje Praha III."
131695,"MOP Kyje Praha III."
131709,"MOP Kyje Praha III."
131717,"MOP Kyje Praha III."
131725,"MOP Kyje Praha III."
131733,"MOP Kyje Praha III."
131741,"MOP Kyje Praha III."
131750,"MOP Kyje Praha III."
131768,"MOP Vysočany Praha III."
131776,"MOP Vysočany Praha III."
131784,"MOP Vysočany Praha III."
131792,"MOP Strašnice Praha IV."
131806,"MOP Strašnice Praha IV."
131814,"MOP Hostivař Praha IV."
131822,"MOP Hostivař Praha IV."
131831,"MOP Hostivař Praha IV."
131849,"MOP Hostivař Praha IV."
131857,"MOP Zahradní Město Praha IV."
131873,"MOP Zahradní Město Praha IV."
131881,"MOP Hostivař Praha IV."
131890,"MOP Zahradní Město Praha IV."
131903,"MOP Zahradní Město Praha IV."
131911,"MOP Zahradní Město Praha IV."
131920,"MOP Strašnice Praha IV."
131938,"MOP Strašnice Praha IV."
131946,"MOP Strašnice Praha IV."
131954,"MOP Strašnice Praha IV."
131962,"MOP Strašnice Praha IV."
131971,"MOP Strašnice Praha IV."
131989,"MOP Strašnice Praha IV."
132004,"MOP Hostivař Praha IV."
132012,"MOP Hostivař Praha IV."
132021,"MOP Hostivař Praha IV."
132039,"MOP Hostivař Praha IV."
132047,"MOP Hostivař Praha IV."
132055,"MOP Hostivař Praha IV."
132063,"MOP Hostivař Praha IV."
132071,"MOP Hostivař Praha IV."
132080,"MOP Zahradní Město Praha IV."
132098,"MOP Zahradní Město Praha IV."
132101,"MOP Zahradní Město Praha IV."
132110,"MOP Zahradní Město Praha IV."
132128,"MOP Zahradní Město Praha IV."
132136,"MOP Zahradní Město Praha IV."
132144,"MOP Zahradní Město Praha IV."
132152,"MOP Zahradní Město Praha IV."
132161,"MOP Zahradní Město Praha IV."
132179,"MOP Vršovice Praha IV."
132187,"MOP Vršovice Praha IV."
132195,"MOP Vršovice Praha IV."
132209,"MOP Vršovice Praha IV."
132217,"MOP Vršovice Praha IV."
132225,"MOP Vršovice Praha IV."
132233,"MOP Vršovice Praha IV."
132241,"MOP Vršovice Praha IV."
132250,"MOP Vršovice Praha IV."
132268,"MOP Vršovice Praha IV."
132276,"MOP Vršovice Praha IV."
132284,"MOP Vršovice Praha IV."
132292,"MOP Vršovice Praha IV."
132306,"MOP Vršovice Praha IV."
132314,"MOP Vršovice Praha IV."
132322,"MOP Zahradní Město Praha IV."
132331,"MOP Vršovice Praha IV."
132349,"MOP Vršovice Praha IV."
132357,"MOP Strašnice Praha IV."
132365,"MOP Strašnice Praha IV."
132373,"MOP Strašnice Praha IV."
132381,"MOP Strašnice Praha IV."
132390,"MOP Strašnice Praha IV."
132403,"MOP Strašnice Praha IV."
132411,"MOP Strašnice Praha IV."
132420,"MOP Strašnice Praha IV."
132438,"MOP Strašnice Praha IV."
132446,"MOP Strašnice Praha IV."
132454,"MOP Strašnice Praha IV."
132462,"MOP Kyje Praha III."
132471,"MOP Kyje Praha III."
132489,"MOP Uhříněves Praha IV."
132501,"MOP Hostivař Praha IV."
132519,"MOP Uhříněves Praha IV."
132527,"MOP Uhříněves Praha IV."
132543,"MOP Uhříněves Praha IV."
132551,"MOP Uhříněves Praha IV."
132560,"MOP Uhříněves Praha IV."
132578,"MOP Uhříněves Praha IV."
132586,"MOP Hostivař Praha IV."
132594,"MOP Hostivař Praha IV."
132608,"MOP Hostivař Praha IV."
132616,"MOP Hostivař Praha IV."
132624,"MOP Hostivař Praha IV."
133477,"OOP Ostrava - Zábřeh"
134376,"MOP Ruzyně Praha I."
136719,"OOP Bohumín"
136727,"OOP Bohumín"
136735,"OOP Bohumín"
136743,"OOP Bohumín"
137413,"OOP Plzeň - Skvrňany"
138614,"MOP Radotín Praha II."
138622,"MOP Radotín Praha II."
144436,"OOP Bohumín"
144444,"OOP Bohumín"
145246,"MOP Stodůlky Praha II."
145254,"MOP Stodůlky Praha II."
145262,"MOP Stodůlky Praha II."
145271,"MOP Stodůlky Praha II."
146137,"MOP Čakovice Praha III."
148873,"OOP Bohumín"
148881,"OOP Bohumín"
148890,"OOP Bohumín"
150576,"MOP Barrandov Praha II."
150584,"MOP Barrandov Praha II."
150592,"MOP Barrandov Praha II."
150606,"MOP Barrandov Praha II."
151912,"OOP Brno - sever"
153664,"OOP Ostrava - Zábřeh"
154890,"OOP Bohumín"
154903,"OOP Bohumín"
154911,"OOP Bohumín"
155527,"MOP Zličín Praha II."
155535,"MOP Zličín Praha II."
155543,"MOP Stodůlky Praha II."
162124,"MOP Jižní Město 1 Praha IV."
162132,"MOP Jižní Město 1 Praha IV."
162337,"OOP Vratimov"
162345,"OOP Vratimov"
162353,"OOP Vratimov"
162361,"OOP Vratimov"
170348,"MOP Stodůlky Praha II."
170356,"MOP Stodůlky Praha II."
173398,"MOP Uhříněves Praha IV."
173410,"MOP Uhříněves Praha IV."
173428,"MOP Uhříněves Praha IV."
173771,"MOP Újezd nad Lesy Praha III."
173983,"MOP Jižní Město 1 Praha IV."
173991,"MOP Jižní Město 1 Praha IV."
175552,"OOP Brno - Královo Pole"
176036,"OOP Vratimov"
178594,"OOP Ostrava - Poruba 2"
182371,"MOP Čakovice Praha III."
185604,"OOP Vratimov"
185612,"OOP Vratimov"
185973,"OOP Bohumín"
186678,"OOP Ostrava - Poruba 2"
186686,"OOP Ostrava - Poruba 2"
189219,"OOP Bohumín"
191728,"MOP Radotín Praha II."
191736,"MOP Radotín Praha II."
191752,"MOP Radotín Praha II."
191761,"MOP Radotín Praha II."
192007,"OOP Ostrava - Poruba 1"
193259,"MOP Zličín Praha II."
193267,"MOP Zličín Praha II."
195677,"OOP Brno - Bystrc"
198056,"MOP Prosek III."
198897,"OOP Ostrava - Hrabůvka"
300748,"OOP Ostrava - Poruba 2"
302201,"OOP Plzeň - Vinice"
302210,"OOP Plzeň 1"
302228,"OOP Plzeň 1"
302236,"OOP Plzeň 1"
302244,"OOP Plzeň - Vinice"
302252,"OOP Plzeň - Bory"
302261,"OOP Plzeň - Skvrňany"
302279,"OOP Plzeň 4"
302287,"OOP Plzeň 4"
302295,"OOP Plzeň - střed"
303941,"OOP Brno - výstaviště"
303968,"OOP Brno - výstaviště"
303976,"OOP Brno - Komárov"
303984,"OOP Brno - Komárov"
303992,"OOP Brno - výstaviště"
304000,"OOP Brno - výstaviště"
305464,"OOP Slezská Ostrava"
305472,"OOP Slezská Ostrava"
305481,"OOP Slezská Ostrava"
305499,"OOP Slezská Ostrava"
305502,"OOP Ostrava - Poruba 1"
305511,"OOP Ostrava - Poruba 1"
305529,"OOP Ostrava - Zábřeh"
305537,"OOP Ostrava - Zábřeh"
305545,"OOP Ostrava - Hrabůvka"
305758,"MOP Nové Město Praha II."
305774,"MOP Nové Město Praha II."
305782,"MOP Wilsonovo nádraží Praha I."
305791,"MOP Nové Město Praha II."
305804,"MOP Nové Město Praha II."
305812,"MOP Pankrác Praha IV."
305821,"MOP Podolí Praha IV."
305839,"MOP Spořilov Praha IV."
305847,"MOP Spořilov Praha IV."
305855,"MOP Nové Město Praha II."
305863,"MOP Košíře Praha II."
305871,"MOP Bartolomějská Praha I."
305880,"MOP Nové Město Praha II."
305898,"MOP Smíchov Praha II."
305901,"MOP Nové Město Praha II."
305928,"MOP Dejvice Praha I."
305936,"MOP Dejvice Praha I."
305944,"MOP Letná Praha I."
305952,"MOP Letná Praha I."
305961,"MOP Letná Praha I."
305979,"MOP Ďáblice Praha III."
305987,"MOP Kobylisy Praha III."
305995,"MOP Prosek III."
306002,"MOP Kyje Praha III."
306011,"MOP Vysočany Praha III."
306029,"MOP Hostivař Praha IV."
306037,"MOP Hostivař Praha IV."
306045,"MOP Hostivař Praha IV."
306053,"MOP Jižní Město 1 Praha IV."
306061,"MOP Jižní Město 1 Praha IV."
306070,"MOP Jižní Město 1 Praha IV."
306088,"MOP Jižní Město 1 Praha IV."
306096,"MOP Jižní Město 1 Praha IV."
306100,"MOP Jižní Město 1 Praha IV."
306118,"MOP Jižní Město 1 Praha IV."
306126,"MOP Lhotka Praha IV."
306142,"MOP Lhotka Praha IV."
306151,"MOP Radotín Praha II."
306169,"MOP Radotín Praha II."
306177,"MOP Radotín Praha II."
306185,"MOP Radotín Praha II."
306193,"MOP Radotín Praha II."
306207,"MOP Barrandov Praha II."
306215,"MOP Barrandov Praha II."
306223,"MOP Stodůlky Praha II."
306231,"MOP Stodůlky Praha II."
306240,"MOP Stodůlky Praha II."
306258,"MOP Zličín Praha II."
306266,"MOP Zličín Praha II."
306274,"MOP Zličín Praha II."
306282,"MOP Břevnov Praha I."
306291,"MOP Břevnov Praha I."
306304,"MOP Řepy Praha I."
306312,"MOP Řepy Praha I."
306321,"MOP Ruzyně Praha I."
306339,"MOP Bohnice Praha III."
306347,"MOP Bohnice Praha III."
306355,"MOP Bohnice Praha III."
306363,"MOP Ďáblice Praha III."
306371,"MOP Ďáblice Praha III."
306380,"MOP Ďáblice Praha III."
306398,"MOP Letňany Praha III."
306401,"MOP Čakovice Praha III."
306410,"MOP Čakovice Praha III."
306428,"MOP Čakovice Praha III."
306436,"MOP Čakovice Praha III."
306444,"MOP Čakovice Praha III."
306452,"MOP Horní Počernice Praha III."
306461,"MOP Kyje Praha III."
306479,"MOP Kyje Praha III."
306487,"MOP Kyje Praha III."
306495,"MOP Horní Počernice Praha III."
306509,"MOP Horní Počernice Praha III."
306517,"MOP Horní Počernice Praha III."
306525,"MOP Kyje Praha III."
306541,"MOP Kyje Praha III."
306550,"MOP Újezd nad Lesy Praha III."
306568,"MOP Vršovice Praha IV."
306584,"MOP Uhříněves Praha IV."
306827,"MOP Řepy Praha I."
306835,"MOP Jižní Město 1 Praha IV."
306843,"MOP Modřany Praha IV."
306860,"OOP Ostrava - Hrabůvka"
306878,"OOP Ostrava - Hrabůvka"
306886,"OOP Ostrava - Zábřeh"
306894,"OOP Ostrava - Zábřeh"
306908,"MOP Lhotka Praha IV."
306916,"MOP Lhotka Praha IV."
306924,"MOP Lhotka Praha IV."
313246,"OOP Brno - Bystrc"
313254,"OOP Brno - Bystrc"
313262,"OOP Brno - výstaviště"
313271,"OOP Brno - Žabovřesky"
313289,"OOP Brno - sever"
313297,"OOP Brno - Židenice"
313301,"OOP Brno - Židenice"
313319,"OOP Brno - Židenice"
313327,"OOP Brno - Komárov"
313343,"OOP Brno - Královo Pole"
315354,"OOP Bohumín"
315362,"OOP Bohumín"
315761,"MOP Jarov Praha III."
315770,"MOP Jižní Město 1 Praha IV."
315788,"MOP Zahradní Město Praha IV."
315796,"MOP Modřany Praha IV."
315800,"MOP Modřany Praha IV."
315818,"MOP Modřany Praha IV."
315826,"MOP Lhotka Praha IV."
315834,"MOP Lhotka Praha IV."
315842,"MOP Modřany Praha IV."
315851,"MOP Lhotka Praha IV."
315869,"MOP Lhotka Praha IV."
315877,"MOP Podolí Praha IV."
315885,"MOP Pankrác Praha IV."
315893,"MOP Spořilov Praha IV."
315907,"MOP Spořilov Praha IV."
315915,"MOP Podolí Praha IV."
315923,"MOP Lhotka Praha IV."
315931,"MOP Lhotka Praha IV."
315958,"MOP Jižní Město 1 Praha IV."
315966,"MOP Jižní Město 1 Praha IV."
315974,"MOP Jižní Město 1 Praha IV."
315982,"MOP Lhotka Praha IV."
315991,"MOP Lhotka Praha IV."
316008,"MOP Lhotka Praha IV."
316016,"MOP Lhotka Praha IV."
316024,"MOP Lhotka Praha IV."
316032,"MOP Lhotka Praha IV."
316041,"MOP Lhotka Praha IV."
316059,"MOP Modřany Praha IV."
316067,"MOP Modřany Praha IV."
316075,"MOP Modřany Praha IV."
316083,"MOP Modřany Praha IV."
316091,"MOP Jižní Město 1 Praha IV."
316105,"MOP Jižní Město 1 Praha IV."
316113,"MOP Jižní Město 1 Praha IV."
316121,"MOP Jižní Město 1 Praha IV."
316130,"MOP Jižní Město 1 Praha IV."
316148,"MOP Lhotka Praha IV."
316156,"MOP Lhotka Praha IV."
316164,"MOP Lhotka Praha IV."
316172,"MOP Modřany Praha IV."
316199,"MOP Lhotka Praha IV."
316202,"MOP Lhotka Praha IV."
316211,"MOP Modřany Praha IV."
316245,"MOP Modřany Praha IV."
316253,"MOP Lhotka Praha IV."
316261,"MOP Modřany Praha IV."
316270,"MOP Modřany Praha IV."
316288,"MOP Modřany Praha IV."
316296,"MOP Modřany Praha IV."
316300,"MOP Modřany Praha IV."
316318,"MOP Modřany Praha IV."
316326,"MOP Smíchov Praha II."
316334,"MOP Stodůlky Praha II."
316342,"MOP Barrandov Praha II."
316369,"MOP Zličín Praha II."
316377,"MOP Košíře Praha II."
316385,"MOP Smíchovské nádraží"
316393,"MOP Barrandov Praha II."
316407,"MOP Barrandov Praha II."
316415,"MOP Radotín Praha II."
316431,"MOP Zličín Praha II."
316440,"MOP Košíře Praha II."
316458,"MOP Zličín Praha II."
316474,"MOP Barrandov Praha II."
316482,"MOP Barrandov Praha II."
316491,"MOP Barrandov Praha II."
316504,"MOP Barrandov Praha II."
316512,"MOP Barrandov Praha II."
316521,"MOP Barrandov Praha II."
316539,"MOP Barrandov Praha II."
316547,"MOP Barrandov Praha II."
316555,"MOP Barrandov Praha II."
316563,"MOP Barrandov Praha II."
316571,"MOP Radotín Praha II."
316580,"MOP Radotín Praha II."
316598,"MOP Radotín Praha II."
316601,"MOP Radotín Praha II."
316610,"MOP Radotín Praha II."
316628,"MOP Radotín Praha II."
316636,"MOP Radotín Praha II."
316644,"MOP Radotín Praha II."
316652,"MOP Radotín Praha II."
316661,"MOP Radotín Praha II."
316679,"MOP Radotín Praha II."
316687,"MOP Stodůlky Praha II."
316695,"MOP Radotín Praha II."
316709,"MOP Barrandov Praha II."
316717,"MOP Radotín Praha II."
316725,"MOP Barrandov Praha II."
316733,"MOP Barrandov Praha II."
316741,"MOP Stodůlky Praha II."
316750,"MOP Stodůlky Praha II."
316768,"MOP Barrandov Praha II."
316776,"MOP Barrandov Praha II."
316784,"MOP Stodůlky Praha II."
316792,"MOP Barrandov Praha II."
316806,"MOP Stodůlky Praha II."
316814,"MOP Stodůlky Praha II."
316822,"MOP Stodůlky Praha II."
316831,"MOP Stodůlky Praha II."
316849,"MOP Stodůlky Praha II."
316857,"MOP Stodůlky Praha II."
316865,"MOP Stodůlky Praha II."
316873,"MOP Stodůlky Praha II."
316881,"MOP Stodůlky Praha II."
316890,"MOP Stodůlky Praha II."
316903,"MOP Stodůlky Praha II."
316911,"MOP Zličín Praha II."
316920,"MOP Zličín Praha II."
316938,"MOP Zličín Praha II."
316946,"MOP Zličín Praha II."
316954,"MOP Ruzyně Praha I."
316962,"MOP Ďáblice Praha III."
316971,"MOP Ďáblice Praha III."
316989,"MOP Karlín Praha III."
316997,"MOP Libeň Praha III."
317004,"MOP Kyje Praha III."
317012,"MOP Kyje Praha III."
317021,"MOP Vysočany Praha III."
317039,"MOP Čakovice Praha III."
317047,"MOP Čakovice Praha III."
317055,"MOP Kyje Praha III."
317063,"MOP Kyje Praha III."
317071,"MOP Horní Počernice Praha III."
317080,"MOP Horní Počernice Praha III."
317098,"MOP Kyje Praha III."
317101,"MOP Čakovice Praha III."
317110,"MOP Prosek III."
317128,"MOP Prosek III."
317136,"MOP Kyje Praha III."
317152,"MOP Kyje Praha III."
317161,"MOP Horní Počernice Praha III."
317187,"MOP Kyje Praha III."
317195,"MOP Horní Počernice Praha III."
317209,"MOP Horní Počernice Praha III."
317217,"MOP Horní Počernice Praha III."
317225,"MOP Horní Počernice Praha III."
317233,"MOP Horní Počernice Praha III."
317241,"MOP Horní Počernice Praha III."
317250,"MOP Újezd nad Lesy Praha III."
317268,"MOP Újezd nad Lesy Praha III."
317276,"MOP Újezd nad Lesy Praha III."
317284,"MOP Újezd nad Lesy Praha III."
317292,"MOP Újezd nad Lesy Praha III."
317306,"MOP Újezd nad Lesy Praha III."
317314,"MOP Újezd nad Lesy Praha III."
317322,"MOP Újezd nad Lesy Praha III."
317331,"MOP Újezd nad Lesy Praha III."
317349,"MOP Újezd nad Lesy Praha III."
317357,"MOP Újezd nad Lesy Praha III."
317365,"MOP Újezd nad Lesy Praha III."
317373,"MOP Horní Počernice Praha III."
317381,"MOP Horní Počernice Praha III."
317390,"MOP Újezd nad Lesy Praha III."
317403,"MOP Kyje Praha III."
317411,"MOP Hostivař Praha IV."
317420,"MOP Hostivař Praha IV."
317438,"MOP Uhříněves Praha IV."
317446,"MOP Hostivař Praha IV."
317454,"MOP Hostivař Praha IV."
317462,"MOP Hostivař Praha IV."
317471,"MOP Hostivař Praha IV."
317489,"MOP Uhříněves Praha IV."
317497,"MOP Uhříněves Praha IV."
317501,"MOP Uhříněves Praha IV."
317519,"MOP Uhříněves Praha IV."
317527,"MOP Uhříněves Praha IV."
317535,"MOP Uhříněves Praha IV."
317543,"MOP Uhříněves Praha IV."
317551,"MOP Újezd nad Lesy Praha III."
317560,"MOP Uhříněves Praha IV."
317578,"MOP Uhříněves Praha IV."
317586,"MOP Uhříněves Praha IV."
317594,"MOP Uhříněves Praha IV."
317608,"MOP Uhříněves Praha IV."
317616,"MOP Uhříněves Praha IV."
317624,"MOP Uhříněves Praha IV."
317632,"MOP Uhříněves Praha IV."
317641,"MOP Uhříněves Praha IV."
317659,"MOP Uhříněves Praha IV."
317667,"MOP Uhříněves Praha IV."
317985,"OOP Ostrava - Hrabůvka"
317993,"OOP Ostrava - Hrabůvka"
318205,"MOP Vinohrady Praha II."
318213,"MOP Krakovská Praha I."
318221,"MOP Stodůlky Praha II."
318230,"MOP Stodůlky Praha II."
318256,"MOP Kobylisy Praha III."
318264,"OŽP Masarykovo nádraží Praha I."
318272,"MOP Kyje Praha III."
318281,"MOP Kyje Praha III."
318299,"MOP Vysočany Praha III."
318302,"MOP Kyje Praha III."
318311,"MOP Hostivař Praha IV."
318329,"MOP Hostivař Praha IV."
318337,"MOP Kyje Praha III."
318345,"MOP Hostivař Praha IV."
318353,"MOP Stodůlky Praha II."
318361,"MOP Stodůlky Praha II."
318370,"MOP Stodůlky Praha II."
318388,"MOP Hostivař Praha IV."
318469,"MOP Dejvice Praha I."
318485,"MOP Hostivař Praha IV."
318523,"OOP Brno - sever"
318531,"OOP Brno - sever"
319716,"OOP Plzeň 1"
319724,"OOP Plzeň 2"
319732,"OOP Plzeň 2"
319741,"OOP Plzeň 2"
319759,"OOP Plzeň - Bory"
319767,"OOP Plzeň 1"
319911,"OOP Ostrava - Zábřeh"
319929,"OOP Slezská Ostrava"
319937,"OOP Slezská Ostrava"
319945,"OOP Slezská Ostrava"
319953,"OOP Slezská Ostrava"
319961,"OOP Slezská Ostrava"
319970,"OOP Vratimov"
319988,"OOP Vratimov"
319996,"OOP Ostrava - Mariánské Hory"
320005,"OOP Ostrava - Mariánské Hory"
320013,"OOP Ostrava - Vítkovice"
320021,"OOP Ostrava - Poruba 2"
320501,"MOP Spořilov Praha IV."
320510,"MOP Nusle Praha IV."
320528,"MOP Prosek III."
320536,"MOP Prosek III."
320544,"MOP Zličín Praha II."
320552,"MOP Stodůlky Praha II."
320561,"MOP Stodůlky Praha II."
320579,"MOP Stodůlky Praha II."
320587,"MOP Stodůlky Praha II."
320595,"MOP Zličín Praha II."
320609,"MOP Zličín Praha II."
320773,"MOP Břevnov Praha I."
320781,"MOP Vršovice Praha IV."
320790,"OOP Brno - výstaviště"
320803,"OOP Brno - Židenice"
320811,"OOP Brno - sever"
320820,"OOP Brno - Žabovřesky"
322261,"OOP Plzeň - Skvrňany"
322270,"OOP Plzeň - Skvrňany"
322326,"MOP Dejvice Praha I."
324833,"MOP Spořilov Praha IV."
324841,"MOP Podolí Praha IV."
324850,"MOP Košíře Praha II."
324868,"MOP Radotín Praha II."
324876,"MOP Radotín Praha II."
324884,"MOP Radotín Praha II."
324892,"MOP Břevnov Praha I."
324906,"MOP Horní Počernice Praha III."
325091,"OOP Ostrava - Poruba 2"
325104,"OOP Ostrava - Poruba 1"
327760,"OOP Plzeň - Vinice"
328600,"OOP Brno - Žabovřesky"
328618,"OOP Brno - Bystrc"
328626,"OOP Brno - Bystrc"
328634,"OOP Brno - Bystrc"
328642,"OOP Brno - Bystrc"
329312,"OOP Plzeň 2"
329321,"OOP Plzeň 2"
329339,"OOP Plzeň 2"
329347,"OOP Plzeň 2"
329355,"OOP Plzeň - Bory"
329363,"OOP Plzeň - střed"
329371,"OOP Plzeň 4"
329380,"OOP Plzeň 4"
329398,"OOP Plzeň 4"
329401,"OOP Plzeň 2"
329738,"MOP Řepy Praha I."
329746,"MOP Uhříněves Praha IV."
329754,"MOP Uhříněves Praha IV."
329762,"MOP Uhříněves Praha IV."
329771,"MOP Hostivař Praha IV."
329789,"MOP Uhříněves Praha IV."
329797,"MOP Lhotka Praha IV."
329801,"MOP Lhotka Praha IV."
329819,"MOP Jižní Město 1 Praha IV."
329827,"MOP Modřany Praha IV."
329835,"MOP Modřany Praha IV."
